Squad FTR,Venue,Squad Ast,Squad PKatt,Squad SoT,Squad CrdY,Squad CrdR,Squad Touches,Squad Blocks,Squad PKwon,Defensive Sh,Defensive Pass,Defensive Tkl+Int,Defensive Clr,Squad_Goals,Opponent_Goals,Team1_Elo,Team2_Elo,Tkl+Int
D,Home,0,0,0,0,0,0,0,0,0,0,0,0,0,0,1597.2,1597.2,0
W,Home,0,0,0,0,0,0,0,0,0,0,0,0,1,0,1607.12,1584.32,0
W,Home,0,0,0,0,0,0,0,0,0,0,0,0,3,0,1607.2,1587.2,0
W,Home,0.2,0,0,0,0,0,0,0,0,0,0,0,4,0,1607.2,1587.2,0
W,Home,0.2,0,0,0,0,0,0,0,0,0,0,0,1,0,1607.2,1587.2,0
D,Home,0,0,0,0,0,0,0,0,0,0,0,0,1,1,1604.2,1597,0
L,Home,0,0,0,0,0,0,0,0,0,0,0,0,0,1,1587.2,1607.2,0
D,Home,0,0,0,0,0,0,0,0,0,0,0,0,1,1,1597.2,1597.2,0
W,Home,0,0,0,0.25,0,0,0,0,0,0,0,0,1,0,1607.4,1594.6,0
W,Home,0,0,0,0,0,0,0,0,0,0,0,0,2,0,1607.2,1587.2,0
W,Home,0.2,0,0,0.2,0,0,0,0,0,0,0,0,3,0,1614.14,1587.02,0
L,Away,0,0,0,0,0,0,0,0,0,0,0,0,0,1,1587.2,1607.2,0
L,Away,0,0,0,0.181818182,0,0,0,0,0,0,0,0,0,1,1582.14,1614.94,0
W,Away,0,0,0,0,0,0,0,0,0,0,0,0,1,0,1607.2,1587.2,0
W,Away,0.166666667,0,0,0,0,0,0,0,0,0,0,0,1,0,1613.88,1573.88,0
L,Away,0.142857143,0,0,0,0,0,0,0,0,0,0,0,1,4,1587.2,1607.2,0
L,Home,0,0,0,0,0,0,0,0,0,0,0,0,0,1,1574.94,1614.94,0
L,Home,0,0,0,0,0,0,0,0,0,0,0,0,0,1,1587.2,1607.2,0
D,Away,0,0,0,0,0,0,0,0,0,0,0,0,1,1,1597.2,1597.2,0
L,Home,0.142857143,0,0,0,0,0,0,0,0,0,0,0,2,3,1587.2,1607.2,0
W,Away,0.285714286,0,0,0.142857143,0,0,0,0,0,0,0,0,3,0,1582.82,1587.88,0
W,Home,0.125,0,0,0,0,0,0,0,0,0,0,0,3,2,1594.74,1587.54,0
L,Away,0,0,0,0.428571429,0,0,0,0,0,0,0,0,0,1,1601.1,1622.16,0
D,Home,0,0,0,0,0,0,0,0,0,0,0,0,0,0,1594.06,1581.18,0
D,Away,0,0,0,0,0,0,0,0,0,0,0,0,0,0,1584.94,1604.94,0
L,Away,0,0,0,0.333333333,0,0,0,0,0,0,0,0,1,6,1594.14,1604.14,0
W,Away,0,0,0,0.125,0,0,0,0,0,0,0,0,3,1,1594.74,1587.54,0
D,Home,0,0,0,0.142857143,0,0,0,0,0,0,0,0,1,1,1611.42,1583.68,0
L,Home,0,0,0,0,0,0,0,0,0,0,0,0,0,1,1600.96,1606.82,0
W,Home,0.4,0,0,0,0,0,0,0,0,0,0,0,6,1,1611.08,1581.08,0
W,Home,0,0,0,0.4,0,0,0,0,0,0,0,0,1,0,1604.48,1587.28,0
D,Home,0,0,0,0,0,0,0,0,0,0,0,0,0,0,1604.2,1597,0
W,Away,0,0,0,0,0,0,0,0,0,0,0,0,1,0,1581.78,1587.9,0
L,Away,0,0,0,0,0,0,0,0,0,0,0,0,0,4,1591.28,1607.08,0
W,Home,0,0,0,0.125,0,0,0,0,0,0,0,0,1,0,1628.82,1587.76,0
W,Home,0.2,0,0,0.1,0,0,0,0,0,0,0,0,2,1,1589.82,1587.68,0
W,Home,0,0,0,0.2,0,0,0,0,0,0,0,0,2,0,1598.38,1574.78,0
W,Home,0,0,0,0.333333333,0,0,0,0,0,0,0,0,2,0,1605.62,1587.24,0
W,Home,0.083333333,0,0,0.083333333,0,0,0,0,0,0,0,0,1,0,1597.22,1584.6,0
D,Away,0,0,0,0.058823529,0,0,0,0,0,0,0,0,0,0,1597.22,1598.18,0
D,Home,0,0,0,0.333333333,0,0,0,0,0,0,0,0,0,0,1595.36,1594.4,0
L,Home,0.142857143,0,0,0,0,0,0,0,0,0,0,0,1,2,1592.24,1590.3,0
W,Home,0.166666667,0,0,0.166666667,0,0,0,0,0,0,0,0,3,0,1611.56,1587.08,0
W,Home,0.142857143,0,0,0,0,0,0,0,0,0,0,0,2,0,1602.08,1587.34,0
L,Away,0,0,0,0.076923077,0,0,0,0,0,0,0,0,1,2,1584.68,1614.66,0
L,Away,0,0,0,0,0,0,0,0,0,0,0,0,0,2,1574.8,1609.68,0
D,Away,0.166666667,0,0,0,0,0,0,0,0,0,0,0,2,2,1624.98,1584.04,0
W,Home,0.333333333,0.333333333,0,0,0,0,0,0,0,0,0,0,4,0,1588.78,1587.7,0
D,Away,0,0,0,0,0,0,0,0,0,0,0,0,0,0,1591.42,1597.36,0
D,Away,0.142857143,0,0,0.142857143,0,0,0,0,0,0,0,0,1,1,1580.48,1597.66,0
W,Home,0.125,0,0,0,0,0,0,0,0,0,0,0,4,0,1592.54,1587.6,0
D,Away,0,0,0,0.142857143,0,0,0,0,0,0,0,0,2,2,1621.9,1611.58,0
W,Home,0,0.142857143,0,0,0,0,0,0,0,0,0,0,3,1,1616.38,1577,0
W,Home,0,0,0,0,0,0,0,0,0,0,0,0,1,0,1602.2,1568.62,0
W,Home,0,0,0,0,0,0,0,0,0,0,0,0,2,1,1583,1599.76,0
W,Home,0.125,0,0,0.125,0,0,0,0,0,0,0,0,2,1,1618.5,1594.28,0
L,Away,0,0,0,0.25,0,0,0,0,0,0,0,0,1,2,1586.64,1594.22,0
D,Away,0,0,0,0,0,0,0,0,0,0,0,0,0,0,1601.28,1597.08,0
L,Home,0,0,0,0,0,0,0,0,0,0,0,0,0,3,1579.64,1607.4,0
W,Home,0.125,0,0,0,0,0,0,0,0,0,0,0,3,0,1595.28,1587.52,0
D,Home,0,0,0,0,0,0,0,0,0,0,0,0,1,1,1607.98,1596.9,0
D,Away,0.125,0,0,0.125,0,0,0,0,0,0,0,0,1,1,1577.58,1574.1,0
W,Home,0,0,0,0,0,0,0,0,0,0,0,0,2,0,1625.1,1581.88,0
L,Away,0,0,0,0,0,0,0,0,0,0,0,0,0,2,1570.26,1633.48,0
L,Away,0,0,0,0,0,0,0,0,0,0,0,0,1,2,1567.32,1604.88,0
L,Away,0,0,0,0.25,0,0,0,0,0,0,0,0,1,2,1579.04,1614.44,0
W,Home,0,0,0,0,0,0,0,0,0,0,0,0,1,0,1592.28,1587.6,0
D,Home,0.222222222,0,0,0,0,0,0,0,0,0,0,0,2,2,1592,1594.26,0
W,Away,0.166666667,0,0,0.166666667,0,0,0,0,0,0,0,0,2,1,1599.62,1574.98,0
L,Away,0,0,0,0,0,0,0,0,0,0,0,0,0,2,1589.38,1608.46,0
L,Away,0,0,0,0.166666667,0,0,0,0,0,0,0,0,0,1,1608.74,1614.82,0
D,Away,0,0,0,0.285714286,0,0,0,0,0,0,0,0,1,1,1584.64,1614.38,0
D,Home,0.125,0,0,0,0,0,0,0,0,0,0,0,1,1,1610.82,1581.08,0
W,Home,0,0,0,0,0,0,0,0,0,0,0,0,1,0,1621.86,1595.78,0
W,Home,0.125,0,0,0,0,0,0,0,0,0,0,0,2,0,1615.16,1576.08,0
W,Away,0,0,0,0,0,0,0,0,0,0,0,0,2,0,1586.46,1574.96,0
L,Away,0,0,0,0,0,0,0,0,0,0,0,0,1,4,1558.46,1615.28,0
W,Home,0.142857143,0,0,0,0,0,0,0,0,0,0,0,4,0,1599.08,1574.68,0
L,Neutral,0,0,0,0,0,50.6,0.6,0,0,0,0,0,0,5,1555.06,1595.28,2.8
D,Neutral,0.333333333,0,0,0.333333333,0,88.33333333,1,0,0,0,0,0,3,3,1618.08,1580.26,2.666666667
W,Neutral,0,0,0.166666667,0.166666667,0,24.58333333,0.583333333,0,1,0,0,4,1,0,1599.68,1587.4,2
D,Neutral,0,0.4,1,0,0,77.4,0.2,0,0,0,0,0,1,1,1585.94,1584.18,1.2
W,Neutral,0,0.125,0.375,0,0,42.875,0.625,0,0,1,0,5,2,1,1617.72,1586.52,1.125
W,Neutral,0.142857143,0,0.142857143,0.142857143,0,42.71428571,1.142857143,0,1,1,1,5,1,0,1622.16,1594.4,1.571428571
L,Neutral,0,0,0,0.333333333,0,51.16666667,0.833333333,0,0,1,2,0,1,2,1574.56,1625.76,2.833333333
W,Neutral,0,0,0.333333333,0.166666667,0,40.5,1.333333333,0,0,1,5,0,1,0,1584.06,1592.86,3.833333333
L,Neutral,0,0,0,0.142857143,0,50,0.714285714,0,0,1,2,0,0,1,1546.8,1608.34,2.571428571
W,Neutral,0.1,0,0.5,0.1,0,49.4,0.4,0,0,0,0,0,2,1,1639.72,1582.02,1.2
L,Neutral,0,0.166666667,0,0,0,40.66666667,0.666666667,0,0,1,0,2,1,2,1570.8,1648.5,2
L,Neutral,0.125,0,0.25,0.125,0,43.25,0.25,0,0,0,2,2,1,2,1585.94,1593.32,0.875
W,Neutral,0,0,0,0.2,0,41.2,1,0,0,1,3,5,2,1,1600.32,1572.94,1.6
L,Neutral,0,0,0,0.076923077,0,25.23076923,1.076923077,0,0,0,4,2,0,1,1587.38,1625.78,2.076923077
L,Neutral,0,0,0.25,0,0,47.125,0.625,0,0,1,2,0,0,1,1543.48,1608.42,0.875
W,Neutral,0,0,0.2,0,0,62.6,0.2,0,0,0,0,0,1,0,1632,1573.6,1
D,Neutral,0,0,0.166666667,0,0,50.83333333,0.333333333,0,0,0,2,4,1,1,1573.06,1620.66,0.666666667
L,Neutral,0,0,0,0.333333333,0,54.66666667,1.166666667,0,0,0,5,2,0,3,1573.92,1622.42,2.833333333
D,Neutral,0,0,0.428571429,0,0,51.42857143,0.857142857,0,0,0,1,0,1,1,1616.66,1569.06,2.428571429
W,Neutral,0,0,0.5,0,0,41.375,0.625,0,0,1,2,0,1,0,1632.14,1580.78,2.25
L,Neutral,0,0,0,0,0,34.71428571,0.428571429,0,0,0,0,2,0,2,1535.46,1608.66,2.714285714
W,Neutral,0.166666667,0,0.166666667,0,0,50.83333333,1.833333333,0,0,3,5,3,2,1,1591.02,1561.92,3.166666667
L,Neutral,0.142857143,0,0.428571429,0.142857143,0,45.14285714,0.857142857,0,0,0,0,0,2,5,1559.22,1623.7,2.571428571
W,Neutral,0.25,0.25,0.5,0,0,63.625,0.375,0,0,0,0,0,6,1,1654.16,1572.86,1.125
L,Neutral,0,0,0.25,0.125,0,39,0.75,0,0,0,1,0,0,3,1561,1613,2.375
D,Neutral,0,0,0.4,0.2,0,38.2,0.4,0,0,0,1,0,2,2,1597.52,1597.2,1.4
D,Neutral,0.25,0,0,0,0,60.5,0.25,0,0,0,3,0,2,2,1628.06,1583.46,2
D,Neutral,0,0.076923077,0.076923077,0.153846154,0,24.53846154,1,0,0,0,0,0,1,1,1570.98,1577.64,2.615384615
W,Neutral,0,0.4,0.8,0,0,69.2,0.8,0,0,1,0,1,2,1,1552.24,1588.76,0.8
W,Neutral,0,0,0.666666667,0.333333333,0,61.33333333,1.166666667,0,0,0,0,0,2,1,1581.66,1582.02,2
L,Neutral,0,0,0,0,0,56.16666667,1.166666667,0,0,0,0,0,0,2,1556.58,1588.3,1.666666667
D,Neutral,0,0,0.285714286,0,0,45.42857143,0.571428571,0,0,1,0,8,0,0,1628.94,1613.46,0.714285714
D,Neutral,0,0,0.25,0,0,36.25,0.375,0,0,0,0,10,0,0,1611.08,1626.56,1.25
L,Neutral,0,0,0.166666667,0.333333333,0,47.66666667,0.5,0,0,0,1,2,0,3,1578.38,1604.44,1.5
D,Neutral,0.166666667,0.166666667,0.833333333,0.333333333,0,43,0.5,0,0,0,1,1,2,2,1534.36,1595.8,2.333333333
W,Neutral,0.2,0,0.8,0.4,0,66,1.6,0,0,0,1,0,2,1,1566.78,1560.42,2.6
L,Neutral,0,0,0.166666667,0,0,48.16666667,1,0,0,0,0,0,0,1,1640.58,1630.12,0.5
W,Neutral,0,0,0.285714286,0,0,56.14285714,0.857142857,0,1,0,1,5,1,0,1569.18,1585.38,1.142857143
L,Neutral,0,0,0.2,0,0,39,0.8,0,0,0,2,0,0,1,1585.14,1620.62,3
W,Neutral,0.285714286,0.142857143,0.428571429,0.285714286,0,33.85714286,0.714285714,0,0,0,0,0,4,3,1632.62,1567.72,2
L,Neutral,0.666666667,0,0.5,0.333333333,0,50,1.333333333,0,0,3,1,0,3,4,1556.72,1641.62,1.5
D,Neutral,0,0,0.4,0,0,109,0,0,0,0,0,1,1,1,1624.42,1591.64,2.4
D,Neutral,0.166666667,0,0.166666667,0,0,55.66666667,0.833333333,0,1,0,1,1,1,1,1608.58,1619.92,1.166666667
L,Neutral,0,0,0,0.4,0,45.6,0.8,0,0,0,2,1,0,2,1566.4,1616.68,2
D,Neutral,0,0.1,0,0.1,0,56,0.7,0,0,2,1,0,1,1,1637.26,1617.3,2.2
W,Neutral,0.125,0,0.25,0.25,0,53.125,0,0,0,0,4,6,2,0,1647.96,1594.76,2.125
W,Neutral,0,0,0.1,0.1,0,48,0.5,0,0,0,0,0,2,0,1643.62,1590.8,1.4
W,Neutral,0.142857143,0,0.285714286,0.142857143,0,43.28571429,0.571428571,0,0,2,4,2,1,0,1654.7,1616.86,1.428571429
L,Neutral,0,0,0.1,0.1,0,52.7,0.9,0,0,2,0,0,1,2,1630.2,1626.5,1.6
L,Neutral,0,0,0.375,0.25,0,60.125,0.875,0,0,0,0,0,0,2,1617.04,1623.7,1.625
W,Neutral,0.142857143,0.142857143,0.428571429,0.142857143,0,37.28571429,1,0,0,0,0,0,4,2,1661.16,1612.96,1.428571429
W,Home,0,0,0,0,0,0,0,0,0,0,0,0,4,1,1601.6,1581.42,0
D,Away,0,0,0,0,0,0,0,0,0,0,0,0,0,0,1656.66,1588.36,0
W,Home,0.2,0,0,0,0,0,0,0,0,0,0,0,2,1,1585.06,1575.78,0
L,Home,0,0,0,0,0,0,0,0,0,0,0,0,0,2,1569.24,1624.84,0
L,Home,0,0,0,0,0,0,0,0,0,0,0,0,1,4,1554.36,1602.72,0
W,Home,0.2,0,0,0.2,0,0,0,0,0,0,0,0,3,0,1565.1,1588.38,0
D,Away,0,0,0,0.111111111,0,0,0,0,0,0,0,0,1,1,1566.5,1571.42,0
L,Away,0,0,0,0,0,0,0,0,0,0,0,0,0,2,1522.3,1569.86,0
L,Home,0.111111111,0,0,0.333333333,0,0,0,0,0,0,0,0,1,2,1604.44,1631.82,0
W,Away,0,0,0,0.333333333,0,0,0,0,0,0,0,0,2,1,1638.3,1590.92,0
L,Away,0,0,0,0,0,0,0,0,0,0,0,0,1,2,1574.24,1665.84,0
D,Away,0,0,0,0.75,0,0,0,0,0,0,0,0,2,2,1582.74,1597.6,0
W,Away,0.4,0.2,0,0,0,0,0,0,0,0,0,0,2,0,1574.88,1588.1,0
L,Away,0,0,0,0.235294118,0,0,0,0,0,0,0,0,0,2,1588.98,1615.96,0
W,Home,0,0.166666667,0,0.166666667,0,0,0,0,0,0,0,0,2,0,1622.46,1575.48,0
W,Home,0,0,0,0.25,0,0,0,0,0,0,0,0,2,1,1670.82,1559.22,0
D,Home,0,0.125,0,0.375,0,0,0,0,0,0,0,0,2,2,1550.38,1585.22,0
D,Away,0,0,0,0.285714286,0,0,0,0,0,0,0,0,0,0,1563.74,1615.94,0
L,Away,0,0,0,0.333333333,0,0,0,0,0,0,0,0,0,3,1511.24,1594.32,0
W,Away,0.083333333,0,0,0.083333333,0,0,0,0,0,0,0,0,1,0,1578.54,1572.16,0
L,Away,0,0,0,0.2,0,0,0,0,0,0,0,0,0,1,1541.96,1576.84,0
W,Home,0.111111111,0,0,0.111111111,0,0,0,0,0,0,0,0,1,0,1598.24,1583.12,0
D,Home,0.090909091,0,0,0,0,0,0,0,0,0,0,0,1,1,1564.1,1579.02,0
W,Home,0,0,0,0,0,0,0,0,0,0,0,0,6,0,1644.84,1599.5,0
W,Home,0.111111111,0,0,0.111111111,0,0,0,0,0,0,0,0,1,0,1583.14,1528.26,0
L,Home,0,0,0,0,0,0,0,0,0,0,0,0,2,3,1551.3,1571.3,0
W,Home,0,0,0,0.25,0,0,0,0,0,0,0,0,3,2,1535.02,1498,0
W,Away,0.4,0,0,0,0,0,0,0,0,0,0,0,4,0,1571.92,1588.18,0
W,Away,0,0,0,0,0,0,0,0,0,0,0,0,4,1,1650.32,1560.96,0
D,Home,0,0.142857143,0,0.142857143,0,0,0,0,0,0,0,0,2,2,1665.92,1579.28,0
L,Home,0,0,0,0,0,0,0,0,0,0,0,0,1,4,1550.66,1660.02,0
L,Home,0.2,0,0,0.4,0,0,0,0,0,0,0,0,2,4,1571.22,1624.02,0
L,Home,0,0,0,0.222222222,0,0,0,0,0,0,0,0,2,3,1558.66,1585,0
L,Away,0.142857143,0.142857143,0,0.142857143,0,0,0,0,0,0,0,0,2,3,1486.2,1543.22,0
D,Away,0,0,0,0.333333333,0,0,0,0,0,0,0,0,0,0,1595.48,1596.74,0
L,Home,0,0,0,0,0.166666667,0,0,0,0,0,0,0,0,2,1539.64,1634.1,0
W,Home,0.166666667,0,0,0.833333333,0.166666667,0,0,0,0,0,0,0,1,0,1582.76,1587.88,0
W,Home,0,0,0,0,0,0,0,0,0,0,0,0,3,0,1590.4,1587.66,0
W,Home,0,0,0,0,0,0,0,0,0,0,0,0,3,0,1567.2,1576.34,0
D,Away,0,0,0,0.142857143,0,0,0,0,0,0,0,0,0,0,1618.56,1575.12,0
L,Home,0,0,0,0,0,0,0,0,0,0,0,0,0,1,1546.2,1578.96,0
W,Away,0,0,0,0.222222222,0,0,0,0,0,0,0,0,3,2,1604.46,1649,0
D,Home,0,0,0,0,0,0,0,0,0,0,0,0,1,1,1538.16,1586.7,0
L,Home,0,0,0,0.333333333,0,0,0,0,0,0,0,0,2,3,1635.06,1610.52,0
W,Away,0,0,0,0.166666667,0,0,0,0,0,0,0,0,4,0,1564.96,1588.38,0
L,Home,0,0,0,0.2,0,0,0,0,0,0,0,0,0,1,1531.82,1602.86,0
W,Home,0,0,0,0.071428571,0,0,0,0,0,0,0,0,2,1,1585.92,1572.6,0
W,Home,0.125,0.125,0,0,0,0,0,0,0,0,0,0,2,1,1670.94,1561.36,0
W,Home,0,0,0,0,0,0,0,0,0,0,0,0,2,0,1625.28,1586.72,0
W,Away,0,0,0,0.142857143,0,0,0,0,0,0,0,0,1,0,1558.52,1562.98,0
W,Away,0.2,0,0,0,0,0,0,0,0,0,0,0,2,1,1590.1,1575.22,0
W,Away,0,0,0,0,0,0,0,0,0,0,0,0,1,0,1597.52,1574.78,0
D,Home,0.142857143,0,0,0.142857143,0,0,0,0,0,0,0,0,1,1,1568.54,1573.1,0
D,Away,0.125,0,0,0,0,0,0,0,0,0,0,0,1,1,1565.96,1622.46,0
L,Away,0,0,0,0.333333333,0,0,0,0,0,0,0,0,1,3,1477.28,1635.1,0
L,Home,0,0,0,0,0,0,0,0,0,0,0,0,0,1,1534.52,1595.92,0
W,Home,0,0.090909091,0,0,0,0,0,0,0,0,0,0,1,0,1593.5,1587.58,0
W,Home,0,0,0,0,0,0,0,0,0,0,0,0,3,0,1616.64,1554.66,0
L,Away,0,0,0,0,0,0,0,0,0,0,0,0,0,3,1543.58,1625.56,0
L,Away,0,0,0,0.25,0,0,0,0,0,0,0,0,2,3,1621.28,1602.96,0
L,Away,0.166666667,0,0,0,0,0,0,0,0,0,0,0,2,3,1577.26,1595.92,0
W,Home,0.142857143,0,0,0.142857143,0,0,0,0,0,0,0,0,2,0,1578.1,1518,0
L,Away,0,0,0,0,0,0,0,0,0,0,0,0,0,2,1506.86,1586.96,0
L,Away,0,0,0,0.285714286,0,0,0,0,0,0,0,0,0,2,1655.64,1570.66,0
W,Home,0,0,0,0,0,0,0,0,0,0,0,0,2,0,1580.22,1645.2,0
W,Away,0,0,0,0.428571429,0,0,0,0,0,0,0,0,2,1,1630.82,1544.06,0
W,Home,0,0,0,0,0,0,0,0,0,0,0,0,1,0,1547.06,1588.9,0
L,Home,0,0,0,0.133333333,0,0,0,0,0,0,0,0,1,2,1533.68,1640.44,0
W,Away,0.333333333,0,0,0.166666667,0,0,0,0,0,0,0,0,3,2,1488.02,1593.6,0
W,Away,0,0,0,0.2,0,0,0,0,0,0,0,0,1,0,1604.78,1587.26,0
D,Home,0,0,0,0.125,0,0,0,0,0,0,0,0,1,1,1562.28,1567.18,0
W,Home,0,0,0,0.333333333,0,0,0,0,0,0,0,0,1,0,1627.46,1567.36,0
W,Home,0.142857143,0,0,0,0,0,0,0,0,0,0,0,2,1,1632.18,1589.58,0
D,Away,0.142857143,0,0,0,0,0,0,0,0,0,0,0,2,2,1576.92,1558.06,0
D,Home,0,0,0,0,0,0,0,0,0,0,0,0,0,0,1635.74,1558.28,0
D,Home,0,0,0,0.166666667,0,0,0,0,0,0,0,0,1,1,1590.88,1597.38,0
L,Home,0,0,0,0.166666667,0,0,0,0,0,0,0,0,0,1,1564.62,1590.82,0
W,Home,0,0.166666667,0,0.166666667,0,0,0,0,0,0,0,0,1,0,1651.32,1588.84,0
W,Home,0.222222222,0,0,0,0,0,0,0,0,0,0,0,3,0,1570.5,1588.22,0
W,Home,0,0,0,0,0,0,0,0,0,0,0,0,2,0,1592.2,1492.1,0
L,Away,0,0,0,0.352941176,0,0,0,0,0,0,0,0,0,1,1522.72,1609.04,0
L,Away,0,0,0,0.222222222,0,0,0,0,0,0,0,0,0,1,1531.74,1587.12,0
D,Away,0.166666667,0,0,0.166666667,0,0,0,0,0,0,0,0,1,1,1545.72,1598.66,0
D,Away,0,0.1,0,0.2,0,0,0,0,0,0,0,0,1,1,1533.1,1583.58,0
L,Away,0,0,0,0.166666667,0,0,0,0,0,0,0,0,0,2,1482.1,1602.2,0
W,Away,0.166666667,0.166666667,0,0.166666667,0,0,0,0,0,0,0,0,3,2,1497.6,1562.68,0
D,Neutral,0,0,0,0.1,0,0,0,0,0,0,0,0,1,1,1588.32,1597.44,0
W,Neutral,0.125,0,0,0,0,0,0,0,0,0,0,0,5,0,1578.5,1588,0
W,Away,0,0,0,0.166666667,0,0,0,0,0,0,0,0,2,1,1595.84,1587.52,0
D,Neutral,0,0,0,0.166666667,0,0,0,0,0,0,0,0,0,0,1543.5,1564.96,0
L,Neutral,0,0,0.285714286,0.142857143,0,0,0,0,0,0,0,0,0,1,1566.24,1606.4,0
W,Neutral,0.272727273,0,0.727272727,0.090909091,0,0,0,0,0,0,0,0,5,0,1602.86,1575.92,0
W,Neutral,0,0,0.833333333,0.166666667,0,0,0,0,0,0,0,0,4,0,1551.28,1552.74,0
W,Neutral,0,0,0.571428571,0.142857143,0,0,0,0,0,0,0,0,3,0,1574.28,1585.48,0
W,Neutral,0.2,0,0.8,0.2,0,0,0,0,0,0,0,0,2,0,1559.48,1576.42,0
W,Neutral,0.181818182,0,0.454545455,0.181818182,0,0,0,0,0,0,0,0,2,0,1609.98,1587.12,0
W,Neutral,0,0,0.666666667,0,0,0,0,0,0,0,0,0,3,2,1582.18,1587.9,0
D,Neutral,0,0,0.090909091,0.181818182,0,0,0,0,0,0,0,0,0,0,1606.58,1583.3,0
L,Neutral,0,0,0.25,0.25,0,0,0,0,0,0,0,0,0,2,1547.44,1595.48,0
W,Neutral,0,0,0.272727273,0.181818182,0,0,0,0,0,0,0,0,2,0,1613.3,1574.72,0
D,Neutral,0,0,0.625,0.125,0,0,0,0,0,0,0,0,0,0,1579.12,1569.1,0
L,Neutral,0,0,0.166666667,0.333333333,0,0,0,0,0,0,0,0,0,1,1535.92,1602.8,0
W,Neutral,0.166666667,0,0.583333333,0.083333333,0,0,0,0,0,0,0,0,3,0,1620.14,1586.84,0
L,Neutral,0,0,0,0.125,0,0,0,0,0,0,0,0,0,1,1566.88,1607.76,0
W,Home,0,0,0,0,0,0,0,0,0,0,0,0,3,0,1539.72,1548.4,0
L,Neutral,0,0,0.25,0.166666667,0,0,0,0,0,0,0,0,0,3,1606.88,1609.54,0
W,Home,0,0,0,0.333333333,0,0,0,0,0,0,0,0,2,0,1545.84,1483.72,0
L,Away,0,0,0,0.333333333,0,0,0,0,0,0,0,0,0,2,1472.64,1554.76,0
W,Home,0,0,0,0,0,0,0,0,0,0,0,0,1,0,1531.72,1576.58,0
D,Away,0.111111111,0.111111111,0,0.111111111,0,0,0,0,0,0,0,0,2,2,1632.02,1596.28,0
W,Away,0.076923077,0,0.384615385,0.076923077,0,0,0,0,0,0,0,0,1,0,1541.78,1575.4,0
W,Home,0.25,0.125,0.625,0.125,0,0,0,0,0,0,0,0,4,0,1584.74,1587.82,0
W,Home,0.111111111,0,0,0,0,0,0,0,0,0,0,0,1,0,1563.2,1588.44,0
W,Neutral,0.125,0,0,0.25,0,0,0,0,0,0,0,0,3,1,1492.44,1583.94,0
W,Home,0.333333333,0,0,0,0,0,0,0,0,0,0,0,4,0,1572.46,1575.94,0
L,Home,0,0,0,0.125,0,0,0,0,0,0,0,0,1,3,1589.28,1604.46,0
W,Away,0.166666667,0,1.333333333,0.333333333,0,0,0,0,0,0,0,0,4,1,1656.92,1572.8,0
L,Away,0,0,0,0.166666667,0,0,0,0,0,0,0,0,0,1,1463.1,1598.84,0
W,Home,0,0.125,0.625,0,0,0,0,0,0,0,0,0,5,0,1638.44,1582.18,0
W,Home,0,0,0,0,0,0,0,0,0,0,0,0,2,0,1611.78,1584.6,0
W,Home,0.2,0,1.2,0,0,0,0,0,0,0,0,0,2,1,1634.14,1593.88,0
W,Home,0,0,0.444444444,0.111111111,0,0,0,0,0,0,0,0,1,0,1540.74,1586.68,0
W,Home,0.083333333,0,0.666666667,0.166666667,0,0,0,0,0,0,0,0,2,0,1550.58,1588.8,0
L,Home,0.111111111,0,0.444444444,0.111111111,0,0,0,0,0,0,0,0,2,3,1571.24,1564.56,0
W,Home,0.666666667,0,0.666666667,0.166666667,0,0,0,0,0,0,0,0,4,0,1662.22,1564.58,0
W,Away,0.25,0,0.25,0.125,0,0,0,0,0,0,0,0,5,1,1644.66,1586.22,0
D,Away,0.142857143,0,0.285714286,0,0,0,0,0,0,0,0,0,3,3,1627.98,1579.08,0
W,Away,0,0,0,0,0,0,0,0,0,0,0,0,1,0,1596.52,1578.06,0
D,Home,0,0,0,0,0,0,0,0,0,0,0,0,1,1,1560.96,1581.7,0
W,Neutral,0.125,0,0,0.125,0,0,0,0,0,0,0,0,4,2,1502.3,1577.14,0
W,Home,0.2,0,0,0,0,0,0,0,0,0,0,0,2,1,1618.66,1586.88,0
W,Home,0.125,0,0,0,0,0,0,0,0,0,0,0,1,0,1474.16,1591.06,0
L,Away,0,0,0,0.333333333,0,0,0,0,0,0,0,0,0,1,1559.72,1582.04,0
W,Away,0,0,1.5,0,0,0,0,0,0,0,0,0,2,0,1640.46,1586.32,0
W,Home,0.142857143,0,0,0,0,0,0,0,0,0,0,0,2,0,1667.24,1557.62,0
L,Away,0,0,0,0.2,0,0,0,0,0,0,0,0,0,1,1463.82,1572.34,0
W,Home,0.181818182,0,0,0.090909091,0,0,0,0,0,0,0,0,3,1,1512.36,1594.52,0
L,Home,0,0,0,0,0,0,0,0,0,0,0,0,0,1,1548.98,1599.08,0
W,Home,0.307692308,0,0,0.076923077,0,0,0,0,0,0,0,0,5,0,1613.58,1574.6,0
L,Neutral,0,0.111111111,0,0.111111111,0,0,0,0,0,0,0,0,1,3,1630.04,1576.62,0
W,Neutral,0.25,0,0,0.25,0,0,0,0,0,0,0,0,3,1,1585.28,1618.7,0
W,Home,0,0,0,0,0,0,0,0,0,0,0,0,2,0,1567.56,1571.14,0
W,Home,0.181818182,0,0,0,0,0,0,0,0,0,0,0,5,1,1603.82,1587.3,0
W,Away,0.2,0,0.8,0,0,0,0,0,0,0,0,0,4,1,1646.62,1586.16,0
W,Away,0,0,0.181818182,0.181818182,0,0,0,0,0,0,0,0,1,0,1559.14,1588.56,0
D,Home,0.111111111,0,0.222222222,0,0,0,0,0,0,0,0,0,1,1,1623.46,1553.76,0
L,Away,0,0,0,0,0,0,0,0,0,0,0,0,0,1,1553.7,1559.56,0
L,Away,0,0,0,0.125,0,0,0,0,0,0,0,0,0,2,1653.04,1617.38,0
L,Away,0,0,0.3,0.1,0,0,0,0,0,0,0,0,1,2,1529.28,1598.12,0
D,Neutral,0,0,0,0,0,0,0,0,0,0,0,0,0,0,1614.88,1575.26,0
W,Home,0.1,0,0,0,0,0,0,0,0,0,0,0,3,2,1521.68,1577.76,0
L,Home,0,0,0,0.166666667,0,0,0,0,0,0,0,0,0,3,1537.42,1602.96,0
L,Neutral,0,0,0,0.222222222,0,0,0,0,0,0,0,0,0,1,1572.44,1590.74,0
W,Home,0.2,0.1,0.8,0,0,0,0,0,0,0,0,0,5,1,1630.04,1586.58,0
W,Home,0,0.166666667,0.166666667,0.166666667,0,0,0,0,0,0,0,0,3,0,1652.42,1576.6,0
W,Home,0.181818182,0.090909091,0.272727273,0.090909091,0,0,0,0,0,0,0,0,4,0,1567.46,1588.32,0
D,Away,0,0,0,0,0,0,0,0,0,0,0,0,1,1,1609.42,1555.4,0
W,Away,0.1,0.1,0,0,0,0,0,0,0,0,0,0,2,1,1575.58,1586.14,0
W,Away,0.4,0,1.2,0,0,0,0,0,0,0,0,0,4,0,1658.9,1585.86,0
L,Away,0,0,0.222222222,0.222222222,0,0,0,0,0,0,0,0,0,1,1517.72,1583.42,0
W,Home,0.111111111,0,0.888888889,0,0,0,0,0,0,0,0,0,7,0,1531.06,1589.38,0
L,Neutral,0,0,0.8,0.2,0,51.7,1.3,0,0,2,1,1,0,2,1591.86,1643.14,2.2
W,Home,0.166666667,0,0.666666667,0.166666667,0,0,0,0,0,0,0,0,4,0,1474.5,1577.98,0
W,Home,0,0,0,0,0,0,0,0,0,0,0,0,2,1,1583.44,1587.86,0
W,Home,0.166666667,0,0.166666667,0,0,0,0,0,0,0,0,0,4,0,1546.34,1588.92,0
W,Home,0.125,0,0.375,0,0,0,0,0,0,0,0,0,3,1,1540.16,1589.1,0
D,Neutral,0,0.222222222,0.222222222,0.333333333,0,49.44444444,0.111111111,0,0,0,0,0,1,1,1588.68,1573.96,1.333333333
W,Home,0.166666667,0,0.5,0.333333333,0,0,0,0,0,0,0,0,2,1,1485.24,1590.74,0
W,Home,0.666666667,0,0.666666667,0.166666667,0,0,0,0,0,0,0,0,6,0,1554.36,1564.6,0
W,Neutral,0.142857143,0,0.857142857,0,0,0,0,0,0,0,0,0,2,0,1625.38,1586.72,0
W,Away,0.142857143,0,0.571428571,0.142857143,0,0,0,0,0,0,0,0,3,2,1549,1588.84,0
W,Neutral,0.090909091,0,0.181818182,0.090909091,0,48.18181818,0.363636364,0,0,0,1,0,2,0,1596.06,1582.86,1.818181818
L,Away,0,0,0.166666667,0,0,0,0,0,0,0,0,0,1,2,1475.32,1597.78,0
D,Neutral,0,0.142857143,0.285714286,0.285714286,0,0,0,0,0,0,0,0,1,1,1581.08,1597.64,0
W,Away,0,0,0,0,0,0,0,0,0,0,0,0,1,0,1561.4,1535.44,0
L,Neutral,0,0,0.2,0.2,0,0,0,0,0,0,0,0,0,1,1611.48,1588.14,0
D,Neutral,0,0,0.285714286,0.285714286,0,0,0,0,0,0,0,0,1,1,1578.44,1584.24,0
W,Neutral,0,0,0.25,0.083333333,0,38.16666667,0.916666667,0,0,1,6,6,2,0,1603.44,1590.34,2.416666667
D,Away,0,0.125,0.375,0.375,0,0,0,0,0,0,0,0,1,1,1474.56,1548.24,0
D,Home,0,0,0.125,0,0,0,0,0,0,0,0,0,1,1,1543.62,1469.94,0
W,Home,0.166666667,0,0.333333333,0,0,0,0,0,0,0,0,0,1,0,1569.66,1588.26,0
W,Neutral,0,0,0.5,0,0,0,0,0,0,0,0,0,3,0,1618.38,1586.9,0
D,Neutral,0,0,0,0.142857143,0,0,0,0,0,0,0,0,0,0,1576.22,1597.78,0
L,Neutral,0,0,0.166666667,0.25,0,44.25,0.333333333,0,0,1,2,0,0,2,1591.48,1642.14,2.25
W,Away,0,0,0.285714286,0.142857143,0,0,0,0,0,0,0,0,1,0,1552.3,1586.46,0
W,Away,0,0,1,0.166666667,0,0,0,0,0,0,0,0,3,1,1577.66,1587.08,0
W,Neutral,0,0,0,0.142857143,0,0,0,0,0,0,0,0,1,0,1625.1,1586.72,0
W,Neutral,0.181818182,0,0.363636364,0.363636364,0.181818182,36.90909091,1.363636364,0,0,2,0,0,2,1,1598.42,1568.64,2.363636364
L,Away,0,0,0.5,0,0,0,0,0,0,0,0,0,0,1,1564.2,1558.84,0
W,Home,0,0,0.142857143,0,0,0,0,0,0,0,0,0,1,0,1566.18,1551.54,0
D,Neutral,0,0,0.5,0.25,0,0,0,0,0,0,0,0,1,1,1574.06,1597.84,0
W,Neutral,0,0,0.166666667,0,0,0,0,0,0,0,0,0,1,0,1631.64,1586.54,0
W,Neutral,0.222222222,0,0.777777778,0,0,0,0,0,0,0,0,0,3,0,1581.54,1572.08,0
L,Neutral,0,0.111111111,0.222222222,0.222222222,0,0,0,0,0,0,0,0,0,1,1570.12,1640.22,0
W,Neutral,0,0,0,0.142857143,0,0,0,0,0,0,0,0,1,0,1645.68,1555.58,0
L,Neutral,0,0,0,0.142857143,0,0,0,0,0,0,0,0,0,1,1543.5,1589.94,0
L,Neutral,0,0,0.166666667,0.166666667,0,0,0,0,0,0,0,0,0,1,1631.44,1593.9,0
D,Neutral,0,0,0,0.555555556,0,0,0,0,0,0,0,0,0,0,1594.84,1565.06,0
D,Home,0,0,0,0.25,0,0,0,0,0,0,0,0,1,1,1534.44,1582.76,0
W,Away,0.25,0,0.5,0,0.25,0,0,0,0,0,0,0,2,1,1658.3,1585.88,0
W,Away,0.222222222,0.222222222,0.555555556,0.111111111,0,0,0,0,0,0,0,0,6,0,1636.46,1586.42,0
W,Home,0,0,0.090909091,0.181818182,0,0,0,0,0,0,0,0,2,1,1527.22,1589.5,0
L,Home,0,0.142857143,0,0.142857143,0,0,0,0,0,0,0,0,0,3,1539.14,1573.78,0
W,Away,0.1,0,0,0.1,0,0,0,0,0,0,0,0,3,0,1580.08,1525.44,0
W,Away,0.125,0,0.5,0.375,0,0,0,0,0,0,0,0,4,2,1579.44,1551.56,0
L,Away,0,0,0.111111111,0.333333333,0,0,0,0,0,0,0,0,0,2,1555.54,1608.08,0
W,Home,0,0,0,0,0,0,0,0,0,0,0,0,1,0,1552.2,1586.48,0
L,Home,0,0,0,0.142857143,0,0,0,0,0,0,0,0,1,2,1460.48,1599.38,0
W,Home,0.222222222,0.222222222,0.666666667,0,0,0,0,0,0,0,0,0,4,0,1621.68,1586.8,0
W,Home,0.428571429,0.142857143,0.571428571,0,0,0,0,0,0,0,0,0,4,1,1664.84,1594.98,0
W,Home,0.25,0,0.5,0,0,0,0,0,0,0,0,0,4,0,1663.72,1571.58,0
D,Away,0,0,0.666666667,0,0,0,0,0,0,0,0,0,0,0,1632.4,1582.52,0
W,Away,0.428571429,0,0.428571429,0,0,0,0,0,0,0,0,0,4,0,1587.2,1587.76,0
W,Home,0.071428571,0,0,0,0,0,0,0,0,0,0,0,1,0,1536.1,1576.7,0
D,Home,0,0,0.2,0.1,0,0,0,0,0,0,0,0,0,0,1553.28,1573.14,0
L,Home,0,0,0,0,0,0,0,0,0,0,0,0,1,2,1540.7,1608.5,0
W,Home,0.2,0.2,1.4,0,0,0,0,0,0,0,0,0,3,0,1670.1,1571.12,0
W,Home,0.333333333,0.111111111,0.888888889,0,0,0,0,0,0,0,0,0,5,3,1628.22,1582.82,0
W,Home,0.285714286,0.142857143,0,0.428571429,0,0,0,0,0,0,0,0,4,0,1601.66,1566.9,0
D,Home,0,0,0,0,0,0,0,0,0,0,0,0,1,1,1524.7,1598.64,0
W,Away,0.222222222,0,0,0.111111111,0,0,0,0,0,0,0,0,3,0,1561.84,1576.52,0
W,Away,0.166666667,0,0,0,0,0,0,0,0,0,0,0,2,0,1616.38,1586.96,0
L,Away,0,0,0,0.4,0,0,0,0,0,0,0,0,0,4,1555.04,1609.8,0
D,Away,0,0,0,0,0,0,0,0,0,0,0,0,2,2,1532.78,1574.26,0
W,Home,0,0,0,0,0,0,0,0,0,0,0,0,2,0,1562.5,1552.06,0
D,Away,0.111111111,0,0,0.222222222,0,0,0,0,0,0,0,0,2,2,1605.54,1547.3,0
W,Home,0.8,0,0,0.1,0,0,0,0,0,0,0,0,1,0,1623.16,1586.78,0
W,Home,0.272727273,0,0,0,0,0,0,0,0,0,0,0,5,0,1570.08,1588.24,0
D,Away,0,0.142857143,0,0.285714286,0,0,0,0,0,0,0,0,1,1,1628.92,1639.62,0
W,Home,0.111111111,0,0.555555556,0.111111111,0,0,0,0,0,0,0,0,3,1,1594.4,1574.72,0
W,Home,0.142857143,0,0,0,0,0,0,0,0,0,0,0,3,0,1541.84,1589.06,0
D,Away,0.076923077,0,0.461538462,0.307692308,0,0,0,0,0,0,0,0,1,1,1534.68,1585.26,0
W,Away,0.230769231,0,0.538461538,0,0,0,0,0,0,0,0,0,3,0,1561.44,1576.96,0
L,Away,0,0.111111111,0.444444444,0.222222222,0,0,0,0,0,0,0,0,1,2,1614.24,1588.2,0
W,Away,0,0.166666667,0.666666667,0.333333333,0,0,0,0,0,0,0,0,1,0,1674.8,1549.28,0
D,Home,0,0.125,0,0.125,0,0,0,0,0,0,0,0,0,0,1539.54,1598.84,0
W,Home,0.125,0,0.125,0,0,0,0,0,0,0,0,0,1,0,1638.16,1561.02,0
D,Away,0.5,0,0,0.5,0,0,0,0,0,0,0,0,1,1,1659.18,1589.34,0
W,Home,0.428571429,0.142857143,0,0.285714286,0,0,0,0,0,0,0,0,6,1,1612.02,1564.24,0
D,Home,0.076923077,0,0.230769231,0.230769231,0,0,0,0,0,0,0,0,1,1,1533.3,1584.76,0
W,Home,0.153846154,0,0.307692308,0.230769231,0,0,0,0,0,0,0,0,2,0,1569.38,1576.5,0
W,Away,0.142857143,0,0,0,0,0,0,0,0,0,0,0,2,1,1601.14,1563.44,0
W,Away,0.444444444,0,1.111111111,0.111111111,0,0,0,0,0,0,0,0,6,0,1620.72,1573.28,0
D,Home,0.142857143,0,0.571428571,0.285714286,0,0,0,0,0,0,0,0,1,1,1670.56,1613.14,0
W,Home,0.125,0,0,0,0,0,0,0,0,0,0,0,4,0,1644.32,1583.52,0
D,Away,0,0,1,0.5,0,0,0,0,0,0,0,0,1,1,1654.36,1571.78,0
D,Away,0,0,0,0,0,0,0,0,0,0,0,0,0,0,1540.24,1583.88,0
W,Away,0.444444444,0,0,0,0,0,0,0,0,0,0,0,7,1,1578.08,1588,0
L,Away,0,0,0,0.181818182,0,0,0,0,0,0,0,0,0,1,1609.76,1606.6,0
W,Home,0.142857143,0,0,0.142857143,0,0,0,0,0,0,0,0,2,0,1635.38,1586.46,0
W,Home,0,0.142857143,0.714285714,0,0,0,0,0,0,0,0,0,2,1,1675.42,1557.66,0
W,Away,0.111111111,0,0,0,0,0,0,0,0,0,0,0,1,0,1586.04,1594.36,0
W,Away,0,0.125,0,0.125,0,0,0,0,0,0,0,0,3,2,1548.22,1557.08,0
W,Home,0.285714286,0,1.285714286,0,0,0,0,0,0,0,0,0,7,0,1627.04,1572.54,0
L,Away,0,0,0,0.111111111,0,0,0,0,0,0,0,0,1,2,1595.96,1577.34,0
W,Home,0.285714286,0.142857143,0,0,0,0,0,0,0,0,0,0,4,1,1548.4,1588.86,0
W,Home,0,0,1.5,0,0,0,0,0,0,0,0,0,7,0,1659.86,1571.82,0
W,Home,0.2,0,0.3,0,0,0,0,0,0,0,0,0,6,0,1650.06,1572.16,0
W,Away,0,0,0,0.3,0,0,0,0,0,0,0,0,1,0,1619.96,1627.56,0
W,Away,0.086956522,0,0.782608696,0.260869565,0,0,0,0,0,0,0,0,2,0,1542.04,1578.24,0
W,Away,0,0,0.916666667,0,0,0,0,0,0,0,0,0,2,1,1577.08,1576.02,0
D,Away,0,0,0.125,0.125,0,0,0,0,0,0,0,0,0,0,1597.66,1571.24,0
W,Away,0.25,0,0.5,0,0,0,0,0,0,0,0,0,4,0,1633.12,1568.9,0
W,Away,0.285714286,0.142857143,0,0,0,0,0,0,0,0,0,0,4,1,1641.08,1561.64,0
W,Away,0.2,0,0.6,0,0,0,0,0,0,0,0,0,2,0,1680.64,1580.2,0
D,Away,0,0,0.222222222,0.111111111,0,0,0,0,0,0,0,0,1,1,1644.94,1548.64,0
D,Home,0.2,0.2,0,0.1,0,0,0,0,0,0,0,0,2,2,1616.6,1595.28,0
W,Home,0.5,0,0.5,0.25,0,0,0,0,0,0,0,0,5,0,1665.24,1571.26,0
W,Home,0.16,0,0.28,0.16,0,0,0,0,0,0,0,0,2,0,1550.36,1571.74,0
W,Away,0,0,0,0.375,0,0,0,0,0,0,0,0,1,0,1556.66,1575.52,0
W,Home,0.166666667,0,0.666666667,0,0,0,0,0,0,0,0,0,5,0,1604.6,1574.7,0
W,Home,0.1,0,0.6,0.3,0,0,0,0,0,0,0,0,3,2,1585.12,1596.12,0
D,Home,0,0,0,0.125,0,0,0,0,0,0,0,0,0,0,1546.12,1571.86,0
W,Home,0,0,0,0,0,0,0,0,0,0,0,0,1,0,1530.3,1446.08,0
L,Away,0,0,0,0,0,0,0,0,0,0,0,0,0,1,1435.62,1539.84,0
D,Away,0,0,0.4,0,0,0,0,0,0,0,0,0,1,1,1659.68,1541.74,0
W,Away,0.071428571,0,0.071428571,0.285714286,0,0,0,0,0,0,0,0,1,0,1558.92,1588.56,0
W,Home,0,0,0.428571429,0.428571429,0,0,0,0,0,0,0,0,1,0,1611.3,1571.82,0
L,Away,0,0,0.083333333,0.333333333,0,0,0,0,0,0,0,0,0,1,1560.1,1619.58,0
L,Home,0,0,0.1,0.1,0,0,0,0,0,0,0,0,0,2,1631.56,1629.08,0
W,Away,0,0.111111111,0.444444444,0.222222222,0.111111111,0,0,0,0,0,0,0,1,0,1638.28,1534.44,0
W,Away,0,0.125,0.125,0.125,0,0,0,0,0,0,0,0,1,0,1685.26,1556.4,0
W,Home,0.083333333,0,0.25,0.166666667,0,0,0,0,0,0,0,0,1,0,1566.5,1560.86,0
W,Home,0,0,0.25,0.25,0,0,0,0,0,0,0,0,4,0,1665.32,1582.64,0
L,Home,0,0,0.125,0.125,0,0,0,0,0,0,0,0,0,1,1605.94,1593.48,0
W,Away,0.1,0,0.5,0.2,0,0,0,0,0,0,0,0,2,1,1567.5,1554.76,0
W,Home,0.142857143,0.142857143,0.714285714,0,0,0,0,0,0,0,0,0,4,2,1690.06,1569.56,0
D,Home,0,0,0.222222222,0.111111111,0,0,0,0,0,0,0,0,0,0,1628.94,1635.66,0
D,Away,0,0,0.181818182,0,0,0,0,0,0,0,0,0,0,0,1632.68,1625.96,0
W,Home,0.222222222,0,0,0,0,0,0,0,0,0,0,0,3,0,1570.68,1587.02,0
W,Home,0.111111111,0,0,0,0,0,0,0,0,0,0,0,5,1,1575.26,1576.32,0
W,Away,0,0,0,0.111111111,0,0,0,0,0,0,0,0,1,0,1578.84,1594.1,0
D,Away,0,0,0,0,0,0,0,0,0,0,0,0,0,0,1660.68,1586.1,0
W,Home,0.222222222,0.111111111,0,0,0,0,0,0,0,0,0,0,4,0,1631.78,1557.4,0
W,Home,0.125,0,0,0,0,0,0,0,0,0,0,0,7,1,1694.72,1567.3,0
L,Home,0,0,0,0,0,0,0,0,0,0,0,0,0,1,1580.9,1585.64,0
W,Home,0.285714286,0,0,0,0,0,0,0,0,0,0,0,3,0,1638.24,1552.06,0
W,Home,0,0.2,0.2,0.2,0,0,0,0,0,0,0,0,1,0,1622.48,1550.12,0
W,Away,0.076923077,0.076923077,0,0.076923077,0,0,0,0,0,0,0,0,2,1,1602.16,1543.28,0
L,Away,0,0,0,0.214285714,0,0,0,0,0,0,0,0,0,3,1541.66,1647.84,0
W,Home,0.222222222,0,0,0.111111111,0,0,0,0,0,0,0,0,3,0,1564.34,1562.46,0
L,Away,0,0.125,0,0.125,0,0,0,0,0,0,0,0,1,3,1626.7,1583.68,0
W,Home,0,0,0.2,0,0,0,0,0,0,0,0,0,1,0,1665.5,1545.84,0
L,Home,0,0,0,0,0,0,0,0,0,0,0,0,0,1,1425.62,1545.44,0
D,Away,0,0,0.08,0.16,0,0,0,0,0,0,0,0,0,0,1539.04,1546.02,0
W,Away,0,0,0.272727273,0,0,0,0,0,0,0,0,0,3,0,1636.64,1519.3,0
D,Away,0,0,0.333333333,0.111111111,0,0,0,0,0,0,0,0,0,0,1577.42,1551.28,0
W,Home,0,0.083333333,0.166666667,0.083333333,0,0,0,0,0,0,0,0,2,1,1654.54,1615.78,0
D,Home,0,0,0,0.2,0,0,0,0,0,0,0,0,0,0,1572.94,1591.16,0
D,Home,0,0,0.222222222,0,0,0,0,0,0,0,0,0,0,0,1689.34,1580.72,0
W,Away,0,0,0,0.2,0,0,0,0,0,0,0,0,2,1,1628.06,1543.2,0
L,Away,0,0,0.333333333,0,0,0,0,0,0,0,0,0,0,1,1650.34,1572.14,0
D,Away,0,0,0,0.222222222,0,0,0,0,0,0,0,0,1,1,1562.24,1587.84,0
L,Home,0,0,0,0,0,0,0,0,0,0,0,0,0,1,1416.18,1556,0
D,Home,0,0,0,0.142857143,0,0,0,0,0,0,0,0,2,2,1583.06,1591.32,0
W,Home,0.166666667,0,0.666666667,0.166666667,0,0,0,0,0,0,0,0,3,0,1579.58,1537.92,0
L,Home,0,0,0.3,0.4,0.1,0,0,0,0,0,0,0,0,1,1641.28,1643.38,0
D,Away,0,0,0.428571429,0,0,0,0,0,0,0,0,0,1,1,1574.98,1588.72,0
W,Away,0,0,0.2,0,0,0,0,0,0,0,0,0,2,1,1693.74,1553.96,0
W,Away,0,0.090909091,0.181818182,0.181818182,0,0,0,0,0,0,0,0,1,0,1650.52,1628.42,0
W,Away,0.083333333,0,0.25,0.333333333,0,0,0,0,0,0,0,0,1,0,1546.82,1548.64,0
W,Home,0,0,0,0.125,0,0,0,0,0,0,0,0,2,0,1633.2,1586.5,0
D,Away,0.111111111,0,0,0,0,0,0,0,0,0,0,0,1,1,1645.68,1570.32,0
D,Home,0,0,0,0,0,0,0,0,0,0,0,0,1,1,1569.62,1644.98,0
L,Home,0,0,0,0,0,0,0,0,0,0,0,0,0,2,1678.18,1580.76,0
W,Home,0.1,0,0,0,0,0,0,0,0,0,0,0,2,0,1655.44,1541.32,0
W,Home,0.1,0,0,0,0,0,0,0,0,0,0,0,2,0,1586.58,1559.14,0
D,Away,0,0,0,0.142857143,0,0,0,0,0,0,0,0,0,0,1537.22,1544.2,0
W,Home,0.142857143,0,0,0,0,0,0,0,0,0,0,0,3,0,1633.6,1531.2,0
D,Home,0,0,0.333333333,0.222222222,0,0,0,0,0,0,0,0,1,1,1623.84,1567.64,0
W,Away,0.153846154,0,0,0.076923077,0,0,0,0,0,0,0,0,2,0,1607.76,1523.52,0
D,Home,0,0,0,0,0,0,0,0,0,0,0,0,0,0,1541.22,1534.24,0
D,Away,0.142857143,0,0,0.285714286,0,0,0,0,0,0,0,0,1,1,1418.08,1584.76,0
W,Home,0,0.1,0,0,0,0,0,0,0,0,0,0,1,0,1570.1,1574.58,0
W,Home,0,0.1,0,0.1,0,0,0,0,0,0,0,0,3,0,1554.44,1575.4,0
W,Neutral,0.375,0,0,0,0,0,0,0,0,0,0,0,3,2,1589.54,1541.88,0
D,Away,0,0,0,0,0,0,0,0,0,0,0,0,1,1,1639.8,1540.66,0
W,Away,0.111111111,0,0.222222222,0.222222222,0,0,0,0,0,0,0,0,1,0,1683.04,1565.58,0
L,Away,0,0,0,0.083333333,0,0,0,0,0,0,0,0,0,2,1573.84,1595.98,0
W,Away,0,0,0,0.142857143,0,0,0,0,0,0,0,0,1,0,1639.22,1572.52,0
W,Home,0,0.2,0.3,0.1,0,0,0,0,0,0,0,0,2,1,1659.52,1503.38,0
W,Home,0.375,0,0.75,0.125,0,0,0,0,0,0,0,0,3,1,1575.64,1509.54,0
W,Home,0.1,0,0.2,0.3,0,0,0,0,0,0,0,0,1,0,1548.16,1518.14,0
L,Away,0,0,0.3,0,0,0,0,0,0,0,0,0,0,2,1620.34,1622.52,0
W,Home,0,0,0,0.142857143,0,0,0,0,0,0,0,0,6,2,1542.02,1543.78,0
D,Away,0.1,0,0,0.3,0,0,0,0,0,0,0,0,1,1,1567.42,1571.9,0
W,Home,0.2,0,0.8,0,0,0,0,0,0,0,0,0,4,2,1687.02,1525.3,0
L,Home,0.111111111,0,0,0.333333333,0,0,0,0,0,0,0,0,1,2,1542.2,1583.16,0
W,Home,0.222222222,0,0.777777778,0,0,0,0,0,0,0,0,0,6,0,1644.64,1526.58,0
W,Neutral,0.083333333,0,0,0.25,0,0,0,0,0,0,0,0,2,0,1597.28,1597.28,0
W,Away,0.1,0,0.1,0.1,0,0,0,0,0,0,0,0,2,0,1629.74,1558.24,0
L,Home,0,0,0,0.181818182,0,0,0,0,0,0,0,0,1,2,1561.08,1582.88,0
W,Home,0.090909091,0,0.909090909,0.090909091,0,0,0,0,0,0,0,0,4,0,1624.8,1487.84,0
W,Away,0.125,0.125,0.5,0,0,0,0,0,0,0,0,0,2,1,1589.52,1547.72,0
L,Away,0.1,0,0.2,0,0,0,0,0,0,0,0,0,2,4,1645.76,1628.76,0
W,Home,0.272727273,0,0.909090909,0.090909091,0,0,0,0,0,0,0,0,3,1,1556.24,1568.84,0
W,Home,0.25,0,0,0,0,0,0,0,0,0,0,0,6,0,1550.82,1588.8,0
W,Home,1,0,0,0,0,0,0,0,0,0,0,0,7,0,1558.06,1539.3,0
L,Away,0.111111111,0.111111111,0.666666667,0,0,0,0,0,0,0,0,0,2,4,1577.36,1620.98,0
L,Away,0.083333333,0,0.083333333,0,0,0,0,0,0,0,0,0,1,3,1545.46,1637.98,0
D,Home,0,0,0.2,0.1,0,0,0,0,0,0,0,0,1,1,1681.26,1553.38,0
W,Home,0.3,0,0,0,0,0,0,0,0,0,0,0,4,1,1565.94,1571.04,0
D,Home,0.111111111,0,0.222222222,0,0,0,0,0,0,0,0,0,1,1,1640.4,1583,0
W,Home,0,0,0,0.090909091,0,0,0,0,0,0,0,0,1,0,1550.34,1564.66,0
W,Away,0.555555556,0,0,0.222222222,0,0,0,0,0,0,0,0,5,2,1575.2,1576.64,0
D,Away,0.25,0,0.166666667,0.083333333,0,0,0,0,0,0,0,0,3,3,1545.56,1569.58,0
W,Away,0,0,0.416666667,0.166666667,0,0,0,0,0,0,0,0,2,0,1651.22,1561.48,0
W,Home,0.222222222,0,0.444444444,0,0,0,0,0,0,0,0,0,5,0,1631.36,1586.56,0
D,Away,0,0,0,0.125,0,0,0,0,0,0,0,0,0,0,1635.08,1582.32,0
W,Home,0.222222222,0,1.111111111,0.222222222,0,0,0,0,0,0,0,0,2,0,1584.54,1564.14,0
W,Home,0.090909091,0,0,0,0,0,0,0,0,0,0,0,1,0,1554.08,1585.9,0
L,Away,0,0,0,0,0,0,0,0,0,0,0,0,0,1,1572.28,1560.46,0
D,Away,0,0,0,0.142857143,0,0,0,0,0,0,0,0,0,0,1417.84,1509.3,0
W,Away,0.181818182,0,0.363636364,0.181818182,0,0,0,0,0,0,0,0,2,0,1637.26,1566.1,0
W,Away,0,0.166666667,1,0.166666667,0,0,0,0,0,0,0,0,2,0,1686.46,1585.2,0
W,Away,0.222222222,0,0.222222222,0.111111111,0,0,0,0,0,0,0,0,2,1,1646.14,1568.26,0
W,Away,0.1,0.1,0,0,0,0,0,0,0,0,0,0,2,1,1573.28,1558.58,0
W,Home,0.090909091,0,0.545454545,0,0,0,0,0,0,0,0,0,3,0,1553.44,1559,0
W,Home,0.1,0,0,0.2,0,0,0,0,0,0,0,0,2,1,1582.4,1562.72,0
W,Home,0.555555556,0.111111111,1,0,0,0,0,0,0,0,0,0,8,0,1656.16,1542.6,0
W,Neutral,0,0,0,0,0,0,0,0,0,0,0,0,1,0,1576.04,1401.6,0
W,Home,0.153846154,0.076923077,0,0.076923077,0,0,0,0,0,0,0,0,5,0,1558.46,1572,0
D,Home,0,0,0,0.125,0,0,0,0,0,0,0,0,1,1,1630.46,1557.02,0
W,Home,0.083333333,0,0.25,0.166666667,0.083333333,0,0,0,0,0,0,0,1,0,1568.4,1576.14,0
L,Neutral,0,0,0,0.125,0,0,0,0,0,0,0,0,0,1,1393.72,1588.16,0
W,Home,0.166666667,0,0,0,0,0,0,0,0,0,0,0,3,0,1614.1,1560.94,0
W,Away,0.25,0,1.125,0.125,0,0,0,0,0,0,0,0,7,0,1591.42,1559.04,0
W,Home,0.3,0,0.8,0,0,0,0,0,0,0,0,0,3,1,1651.44,1554.2,0
W,Home,0.1,0.1,0.4,0,0,0,0,0,0,0,0,0,2,1,1642.42,1538.6,0
L,Away,0.090909091,0,0,0.090909091,0,0,0,0,0,0,0,0,1,2,1528.7,1652.52,0
W,Away,0.111111111,0,0.222222222,0.111111111,0,0,0,0,0,0,0,0,1,0,1689.84,1492.68,0
W,Away,0.307692308,0,0.384615385,0,0,0,0,0,0,0,0,0,4,0,1661.34,1558.32,0
W,Home,0.083333333,0,0,0,0,0,0,0,0,0,0,0,2,1,1592.96,1472.64,0
L,Away,0.090909091,0,0,0,0,0,0,0,0,0,0,0,1,2,1559.64,1547.02,0
D,Home,0.125,0,0,0,0,0,0,0,0,0,0,0,1,1,1527.64,1590.58,0
W,Home,0,0,0,0.1,0,0,0,0,0,0,0,0,1,0,1657.44,1543.24,0
W,Home,0.2,0,0,0,0,0,0,0,0,0,0,0,3,0,1694.2,1552.76,0
L,Away,0,0,0,0.064516129,0.064516129,0,0,0,0,0,0,0,0,3,1543.94,1705.38,0
D,Home,0,0,0,0.090909091,0,0,0,0,0,0,0,0,2,2,1588.02,1565.22,0
D,Away,0,0,0,0,0,0,0,0,0,0,0,0,1,1,1655.46,1520.7,0
D,Home,0,0.153846154,0.769230769,0.076923077,0,0,0,0,0,0,0,0,1,1,1625.32,1560.64,0
W,Home,0.090909091,0.090909091,0,0,0,0,0,0,0,0,0,0,3,0,1592.68,1551.3,0
W,Home,0.066666667,0,0,0.066666667,0,0,0,0,0,0,0,0,3,1,1620.6,1573.46,0
D,Home,0,0,0,0,0,0,0,0,0,0,0,0,0,0,1646.54,1560.68,0
W,Home,0.090909091,0,0,0,0,0,0,0,0,0,0,0,3,0,1566.08,1561.88,0
W,Home,0.083333333,0,0,0.083333333,0,0,0,0,0,0,0,0,3,1,1636.88,1586.42,0
W,Home,0,0,0,0,0,0,0,0,0,0,0,0,1,0,1589.6,1569.52,0
D,Home,0,0,0,0.074074074,0,0,0,0,0,0,0,0,0,0,1541.74,1563.9,0
W,Home,0.181818182,0.090909091,0,0,0,0,0,0,0,0,0,0,3,0,1594.7,1554.94,0
W,Home,0.083333333,0,0,0.083333333,0,0,0,0,0,0,0,0,2,0,1659.08,1476.3,0
W,Home,0,0.222222222,0,0,0,0,0,0,0,0,0,0,1,0,1662.54,1556.36,0
W,Home,0.2,0,0,0.066666667,0,0,0,0,0,0,0,0,3,0,1627.44,1593.44,0
W,Home,0.25,0.125,0,0,0,0,0,0,0,0,0,0,5,1,1599.76,1575.08,0
D,Away,0.083333333,0,0.666666667,0.333333333,0,0,0,0,0,0,0,0,2,2,1623,1640.82,0
W,Home,0,0,0,0,0,0,0,0,0,0,0,0,2,0,1643.14,1586.26,0
D,Home,0,0,0,0.1,0,0,0,0,0,0,0,0,2,2,1523.46,1468.46,0
W,Home,0.125,0,0,0,0,0,0,0,0,0,0,0,3,0,1709.1,1532.36,0
W,Home,0,0,0,0,0,0,0,0,0,0,0,0,4,0,1651.96,1560.1,0
L,Away,0,0,0,0.142857143,0,0,0,0,0,0,0,0,0,4,1385.6,1571.52,0
W,Home,0,0.090909091,0,0,0,0,0,0,0,0,0,0,4,0,1574.76,1368.84,0
W,Away,0.230769231,0,0,0,0,0,0,0,0,0,0,0,3,0,1606.66,1575.14,0
W,Away,0.384615385,0.230769231,0,0,0,0,0,0,0,0,0,0,1,0,1633.6,1572.94,0
L,Home,0,0,0,0.272727273,0,0,0,0,0,0,0,0,0,2,1576.84,1598.56,0
W,Away,0.090909091,0,0,0.181818182,0,0,0,0,0,0,0,0,3,0,1573.9,1576.88,0
D,Neutral,0.086956522,0,0.173913043,0.086956522,0,32.65217391,0.869565217,0,2,0,4,4,1,1,1539.08,1544.36,1.304347826
L,Neutral,0,0.083333333,0.25,0,0,55.41666667,0.5,0,0,0,0,0,0,1,1644.1,1573.86,1.333333333
D,Home,0,0,0,0.1,0,0,0,0,0,0,0,0,0,0,1590.34,1597.38,0
W,Neutral,0.083333333,0,0.166666667,0.083333333,0,39.58333333,0.333333333,0,0,0,3,0,1,0,1667.16,1538.58,1.5
W,Neutral,0.1,0,0.5,0,0,64.3,0.9,0,0,0,1,0,3,2,1600.84,1539.52,1.4
L,Neutral,0,0,0.272727273,0.181818182,0.090909091,48.45454545,0.636363636,0,0,0,0,0,1,2,1512.36,1594.16,1.272727273
D,Neutral,0,0,0.2,0,0,79.2,0.5,0,0,0,0,0,0,0,1646.22,1519.56,1.3
D,Neutral,0,0,0.545454545,0,0,38.18181818,0.181818182,0,0,0,3,1,1,1,1618.64,1556.28,1.909090909
W,Home,0.153846154,0,0,0.307692308,0,0,0,0,0,0,0,0,3,0,1580.3,1529.68,0
W,Home,0.090909091,0,0,0.090909091,0,0,0,0,0,0,0,0,1,0,1584.2,1570.12,0
W,Neutral,0,0,0.125,0,0,43.5,0.875,0,2,0,3,9,1,0,1712.3,1503.9,2.375
W,Home,0.076923077,0,0,0.230769231,0,0,0,0,0,0,0,0,1,0,1613.54,1581.24,0
W,Home,0.076923077,0,0,0.384615385,0,0,0,0,0,0,0,0,1,0,1639.38,1563.12,0
W,Neutral,0.148148148,0.074074074,0.407407407,0.148148148,0,31.7037037,1,0,0,0,2,1,2,0,1548.56,1610.46,1.592592593
W,Neutral,0,0.1,0.2,0.1,0,43.1,0.6,0,0,0,1,0,2,0,1606.6,1529,1.7
L,Neutral,0.083333333,0,0.333333333,0.25,0,43.41666667,0.833333333,0,0,3,3,0,1,2,1631.14,1645.02,1.666666667
W,Neutral,0.166666667,0,0.583333333,0.083333333,0,45.08333333,0.5,0,0,0,1,0,1,0,1625.24,1581.88,1.75
D,Neutral,0,0,0.090909091,0,0,45.90909091,0.454545455,0,0,0,1,1,0,0,1661.92,1559.98,1
D,Neutral,0,0,0.4,0.2,0,66.8,0.8,0,0,1,0,4,1,1,1640.34,1506.48,0.9
D,Neutral,0,0,0.181818182,0.181818182,0,23.90909091,0.636363636,0,0,1,1,0,1,1,1507.46,1641.32,2.909090909
D,Neutral,0,0,0.25,0.125,0,49.5,0.875,0,0,0,0,0,1,1,1706.26,1563.54,1
L,Neutral,0,0,0.068965517,0.137931034,0.068965517,23.48275862,0.482758621,0,0,1,0,0,0,1,1537.06,1604.48,1.275862069
W,Neutral,0.1,0,0.4,0,0,44.6,1,0,0,0,3,0,3,0,1613.02,1562.92,2.7
W,Neutral,0.166666667,0,0.666666667,0.083333333,0,44.66666667,0.5,0,0,0,0,0,4,1,1637.3,1576.74,0.916666667
W,Neutral,0.076923077,0,0.461538462,0.076923077,0,45.07692308,1.692307692,0,0,1,2,0,1,0,1631,1553.4,2.923076923
W,Neutral,0.071428571,0,0.214285714,0,0,45.57142857,0.5,0,0,0,2,1,1,0,1667.04,1561.26,1.428571429
L,Neutral,0.2,0,0.6,0.2,0,53.7,0.9,0,1,0,4,3,2,3,1494.98,1527.08,1.6
W,Neutral,0.181818182,0.090909091,0.545454545,0.181818182,0,53.72727273,0.545454545,0,0,0,0,0,5,0,1647.32,1580.16,1.181818182
D,Neutral,0,0,0.25,0.375,0,42.625,0.25,0,0,0,0,0,2,2,1700.18,1554.6,1.75
W,Neutral,0.166666667,0,0.5,0,0,38.83333333,0.666666667,0,0,1,1,1,4,0,1642.1,1521.86,1
L,Neutral,0,0,0.08,0.24,0.08,39.32,0.88,0,0,0,3,2,0,4,1512.44,1652.68,1.36
L,Neutral,0,0,0,0.2,0.1,38.6,0.4,0,0,0,5,0,0,2,1598.92,1567.16,1.6
W,Neutral,0.153846154,0,0.615384615,0,0,62.46153846,0.846153846,0,0,0,0,1,5,3,1651.94,1523.2,2.307692308
W,Neutral,0.153846154,0.153846154,0.846153846,0.076923077,0,70.15384615,0.538461538,0,0,1,0,0,4,1,1636.06,1528.26,1.846153846
D,Neutral,0.111111111,0,0.555555556,0.333333333,0,48.44444444,0.666666667,0,0,0,1,0,3,3,1693.92,1538.1,1.888888889
W,Neutral,0.153846154,0,0.307692308,0.230769231,0,42.92307692,0.230769231,0,0,0,1,1,2,0,1670.64,1487.5,1.384615385
W,Neutral,0.181818182,0,0,0,0,0,0,0,0,0,0,0,3,0,1596.36,1529.8,0
D,Away,0,0,0.333333333,0,0,71.91666667,0.833333333,0,0,0,0,1,1,1,1646.46,1532.62,1.5
W,Away,0.153846154,0,0.307692308,0,0,33.53846154,0.538461538,0,1,0,4,8,2,1,1657.8,1552.28,2
W,Away,0.285714286,0,0.428571429,0,0,48.78571429,1.071428571,0,0,2,1,0,4,0,1674.82,1523.7,1.214285714
W,Home,0.285714286,0,0,0,0,0,0,0,0,0,0,0,4,0,1603.34,1574.82,0
W,Neutral,0.333333333,0,0.333333333,0.083333333,0,31.75,0.083333333,0,0,0,0,0,3,0,1641.16,1535.22,1.166666667
D,Away,0,0,0.083333333,0.083333333,0,63.25,0.833333333,0,0,0,3,1,1,1,1642.58,1600.6,1.583333333
D,Home,0.166666667,0,0.083333333,0.25,0,39.66666667,1,0,0,0,0,0,1,1,1638.34,1638,2.083333333
L,Away,0,0,0.230769231,0.076923077,0,44.61538462,0.461538462,0,0,0,3,3,1,2,1645.46,1682.48,3.076923077
W,Home,0,0.066666667,0.6,0.066666667,0,59.73333333,0.6,0,0,0,0,0,2,1,1688.72,1631.7,1.6
D,Home,0,0,0.285714286,0.142857143,0,0,0,0,0,0,0,0,0,0,1598.94,1534.9,0
W,Neutral,0.071428571,0,0.142857143,0.285714286,0,33.71428571,1.142857143,0,0,0,5,0,1,0,1645.26,1614.48,2.5
W,Home,0,0,0.25,0.25,0,0,0,0,0,0,0,0,1,0,1582.28,1573.98,0
D,Neutral,0.066666667,0,0.133333333,0.066666667,0,39.26666667,1,0,0,0,1,0,1,1,1683.78,1595.66,1.933333333
W,Home,0.142857143,0,0.428571429,0.285714286,0,0,0,0,0,0,0,0,3,1,1382.44,1593.6,0
W,Away,0.142857143,0,0.571428571,0,0,0,0,0,0,0,0,0,3,0,1605.82,1573.9,0
W,Away,0.2,0,0.6,0,0,0,0,0,0,0,0,0,6,1,1589.66,1576.22,0
W,Away,0,0,0.428571429,0.428571429,0.142857143,0,0,0,0,0,0,0,2,1,1395.7,1593.26,0
W,Home,0,0,0.285714286,0,0,0,0,0,0,0,0,0,1,0,1612.58,1575.56,0
W,Home,0,0,0.2,0,0,0,0,0,0,0,0,0,1,0,1596.84,1576.28,0
W,Home,0,0,0.142857143,0,0,0,0,0,0,0,0,0,1,0,1407.84,1563.18,0
W,Home,0,0,0.142857143,0.142857143,0,0,0,0,0,0,0,0,3,0,1619.38,1584.18,0
L,Home,0,0,0,0,0,0,0,0,0,0,0,0,0,2,1399.78,1588.22,0
W,Home,0.25,0,0.25,0,0,0,0,0,0,0,0,0,1,0,1603.18,1549.52,0
W,Away,0,0,0,0.25,0,0,0,0,0,0,0,0,1,0,1609.9,1571.48,0
W,Home,0,0.142857143,0.142857143,0.285714286,0,0,0,0,0,0,0,0,2,1,1625.78,1574.62,0
L,Away,0,0,0,0.285714286,0,0,0,0,0,0,0,0,0,1,1612.56,1616.68,0
W,Home,0.25,0,0,0.25,0,0,0,0,0,0,0,0,1,0,1623.76,1599.64,0
D,Away,0,0,0,0.2,0,0,0,0,0,0,0,0,0,0,1401.92,1577.7,0
D,Away,0,0.083333333,0,0,0,0,0,0,0,0,0,0,0,0,1511.34,1572.76,0
W,Home,0.111111111,0,0,0,0,0,0,0,0,0,0,0,2,0,1649.24,1586.1,0
W,Home,0.166666667,0,0.333333333,0,0,0,0,0,0,0,0,0,2,0,1637.12,1545.4,0
D,Home,0,0,0.125,0.125,0.125,0,0,0,0,0,0,0,1,1,1686.68,1469.06,0
D,Away,0,0,0.545454545,0.090909091,0,0,0,0,0,0,0,0,1,1,1595.86,1586.28,0
D,Away,0,0,0,0,0,0,0,0,0,0,0,0,0,0,1402.72,1530.6,0
L,Away,0.083333333,0,0.25,0.166666667,0,0,0,0,0,0,0,0,1,2,1627.06,1531.56,0
D,Away,0,0,0,0.166666667,0,0,0,0,0,0,0,0,0,0,1619.78,1573.72,0
W,Home,0,0,0,0.083333333,0,0,0,0,0,0,0,0,3,0,1620.04,1573.34,0
W,Home,0.076923077,0,0,0.230769231,0,0,0,0,0,0,0,0,1,0,1644.66,1546.22,0
W,Home,0,0,0,0.166666667,0,0,0,0,0,0,0,0,2,1,1605.56,1535.44,0
W,Away,0,0,0.571428571,0,0,0,0,0,0,0,0,0,3,1,1651.08,1576.16,0
W,Home,0.4,0,0.3,0.2,0,0,0,0,0,0,0,0,4,1,1504.08,1553,0
W,Home,0.083333333,0.166666667,0,0,0,0,0,0,0,0,0,0,3,1,1587.68,1574.5,0
W,Away,0.307692308,0,0.615384615,0.153846154,0,0,0,0,0,0,0,0,4,0,1688.18,1547.94,0
W,Home,0.1,0.1,0,0.3,0,0,0,0,0,0,0,0,3,0,1590.84,1549.36,0
W,Away,0.111111111,0,0.222222222,0.111111111,0,0,0,0,0,0,0,0,1,0,1642.36,1542.64,0
D,Away,0,0,0.166666667,0,0,0,0,0,0,0,0,0,1,1,1680.28,1517.3,0
W,Home,0.25,0.083333333,0.833333333,0.083333333,0,0,0,0,0,0,0,0,4,0,1602.46,1559.14,0
W,Away,0.333333333,0,0.666666667,0,0,0,0,0,0,0,0,0,7,1,1513.58,1576.06,0
W,Away,0.083333333,0.166666667,0.583333333,0.083333333,0,0,0,0,0,0,0,0,3,2,1519.96,1552.06,0
D,Home,0.1,0,0,0.1,0,0,0,0,0,0,0,0,1,1,1615.82,1570.66,0
L,Home,0,0,0,0.111111111,0,0,0,0,0,0,0,0,0,1,1395.6,1618.44,0
W,Home,0.111111111,0.111111111,0.333333333,0,0,0,0,0,0,0,0,0,4,0,1692.4,1543.22,0
W,Away,0,0.1,0,0.3,0,0,0,0,0,0,0,0,1,0,1621.14,1378.3,0
D,Away,0,0,0,0,0,0,0,0,0,0,0,0,0,0,1647.34,1610.74,0
W,Home,0.2,0,0.7,0,0,0,0,0,0,0,0,0,4,0,1632.48,1540.36,0
W,Home,0.454545455,0,0.636363636,0.090909091,0,0,0,0,0,0,0,0,5,0,1647.58,1546.7,0
W,Away,0.1,0,0,0.2,0,0,0,0,0,0,0,0,3,1,1654.48,1554.76,0
W,Away,0.090909091,0,0,0,0,0,0,0,0,0,0,0,1,0,1626.08,1560.54,0
W,Home,0,0,0.5,0,0,0,0,0,0,0,0,0,2,0,1684.92,1557.4,0
W,Home,0.363636364,0.090909091,0.545454545,0.090909091,0,0,0,0,0,0,0,0,6,1,1609.88,1597.88,0
W,Away,0,0.1,0,0.2,0,0,0,0,0,0,0,0,2,0,1597.92,1573.5,0
W,Away,0.230769231,0,0,0.153846154,0,0,0,0,0,0,0,0,3,0,1649.86,1548.32,0
W,Away,0.076923077,0,0,0.076923077,0,0,0,0,0,0,0,0,1,0,1594.54,1561.58,0
D,Home,0,0,0,0.125,0,0,0,0,0,0,0,0,1,1,1379.92,1537.06,0
D,Home,0.111111111,0,0.222222222,0.333333333,0,0,0,0,0,0,0,0,1,1,1515.82,1694.64,0
D,Home,0,0,0.416666667,0.083333333,0,0,0,0,0,0,0,0,0,0,1518.66,1573.4,0
W,Away,0.111111111,0,0.333333333,0,0,0,0,0,0,0,0,0,2,0,1637.76,1539.48,0
D,Away,0,0,0,0,0,0,0,0,0,0,0,0,1,1,1616.14,1525.6,0
D,Away,0.090909091,0,0.181818182,0.181818182,0,0,0,0,0,0,0,0,1,1,1687.98,1509.16,0
W,Away,0.111111111,0,0,0,0,0,0,0,0,0,0,0,4,1,1622.2,1570.56,0
W,Home,0.083333333,0,0.75,0,0,0,0,0,0,0,0,0,3,0,1651.76,1512.68,0
W,Neutral,0,0,0,0.333333333,0,0,0,0,0,0,0,0,2,1,1643.88,1581.78,0
W,Home,0.25,0,0,0,0,0,0,0,0,0,0,0,3,0,1604.82,1573.38,0
W,Home,0,0,0,0,0,0,0,0,0,0,0,0,1,0,1601.82,1584.56,0
D,Home,0.111111111,0,0,0,0,0,0,0,0,0,0,0,1,1,1612.18,1566.7,0
W,Home,0.083333333,0,0,0.083333333,0,0,0,0,0,0,0,0,3,1,1631.68,1547.18,0
D,Away,0,0,0.285714286,0,0,0,0,0,0,0,0,0,0,0,1646.6,1548.24,0
D,Away,0,0,0,0.111111111,0,0,0,0,0,0,0,0,0,0,1382.48,1573.12,0
W,Home,0.166666667,0,0,0,0,0,0,0,0,0,0,0,2,0,1627.32,1522.18,0
W,Neutral,0.090909091,0.090909091,0,0,0,0,0,0,0,0,0,0,3,2,1691.1,1631.2,0
W,Away,0.076923077,0.076923077,0,0,0,0,0,0,0,0,0,0,1,0,1655.98,1593.88,0
W,Away,0.083333333,0,0.25,0,0,0,0,0,0,0,0,0,1,0,1615.92,1550.18,0
D,Away,0.148148148,0,0.296296296,0.185185185,0,0,0,0,0,0,0,0,2,2,1516.78,1550.4,0
W,Away,0.083333333,0.083333333,0.333333333,0,0,0,0,0,0,0,0,0,4,0,1652.28,1527.3,0
W,Away,0.142857143,0,0.285714286,0.285714286,0,0,0,0,0,0,0,0,5,0,1691.9,1527.14,0
W,Home,0.090909091,0,0,0.090909091,0,0,0,0,0,0,0,0,4,1,1660.3,1585.82,0
W,Home,0.1,0,0.7,0.1,0,0,0,0,0,0,0,0,5,0,1518.22,1565.12,0
L,Away,0,0,0,0,0,0,0,0,0,0,0,0,0,1,1612.08,1530.36,0
L,Neutral,0.1,0,0,0,0,0,0,0,0,0,0,0,1,2,1632.38,1699.6,0
W,Home,0,0,0.75,0,0,0,0,0,0,0,0,0,3,0,1652.18,1567.46,0
W,Home,0.111111111,0,0,0.111111111,0,0,0,0,0,0,0,0,3,0,1618.38,1559.32,0
W,Home,0.1,0.1,0,0.1,0,0,0,0,0,0,0,0,2,1,1395.04,1566.28,0
W,Neutral,0.2,0,0,0.2,0,0,0,0,0,0,0,0,2,1,1705.12,1617.9,0
D,Away,0,0,0,0.111111111,0,0,0,0,0,0,0,0,0,0,1601.2,1569.76,0
W,Home,0.454545455,0.181818182,0.818181818,0,0,0,0,0,0,0,0,0,6,0,1621.68,1544.8,0
W,Away,0,0,0.344827586,0.275862069,0,0,0,0,0,0,0,0,1,0,1525.54,1562.16,0
W,Home,0.083333333,0,0.333333333,0.083333333,0,0,0,0,0,0,0,0,1,0,1656.62,1513.34,0
L,Away,0,0,0,0.166666667,0,0,0,0,0,0,0,0,1,2,1617.68,1590.56,0
W,Home,0.125,0,0,0.0625,0,0,0,0,0,0,0,0,3,2,1608.28,1559.8,0
W,Away,0,0,0.181818182,0.090909091,0,0,0,0,0,0,0,0,1,0,1526.36,1541.14,0
W,Away,0,0,0,0.1,0,0,0,0,0,0,0,0,3,1,1665.66,1571.18,0
D,Home,0,0,0.333333333,0.083333333,0,0,0,0,0,0,0,0,1,1,1685.84,1541.88,0
D,Home,0.090909091,0,0,0.090909091,0,0,0,0,0,0,0,0,1,1,1650.5,1536.4,0
L,Away,0,0,0,0,0,0,0,0,0,0,0,0,1,2,1388.28,1625.32,0
W,Home,0.111111111,0,0,0,0,0,0,0,0,0,0,0,2,1,1627.84,1370.8,0
W,Away,0,0,0,0.428571429,0.142857143,0,0,0,0,0,0,0,2,0,1624.26,1552.16,0
W,Home,0.083333333,0,0.166666667,0,0,0,0,0,0,0,0,0,1,0,1657.12,1543.18,0
L,Home,0.142857143,0,0,0.142857143,0,0,0,0,0,0,0,0,2,3,1609.3,1540.26,0
D,Away,0.090909091,0,0,0,0,0,0,0,0,0,0,0,1,1,1660.9,1581.34,0
W,Away,0,0,0,0.285714286,0,0,0,0,0,0,0,0,2,1,1655.88,1561.8,0
D,Away,0,0,0,0.153846154,0,0,0,0,0,0,0,0,0,0,1605.72,1615.12,0
D,Home,0,0,0,0,0,0,0,0,0,0,0,0,0,0,1612.08,1602.68,0
W,Away,0,0.1,0.3,0.2,0,0,0,0,0,0,0,0,1,0,1624.2,1569.3,0
L,Away,0,0,0,0,0,0,0,0,0,0,0,0,0,2,1597,1635.54,0
W,Away,0.071428571,0,0.071428571,0.071428571,0,0,0,0,0,0,0,0,1,0,1662.14,1552.48,0
W,Home,0.090909091,0,0,0.090909091,0,0,0,0,0,0,0,0,2,0,1641.76,1583.22,0
W,Home,0.333333333,0,0.5,0,0,0,0,0,0,0,0,0,5,0,1689.76,1525.06,0
W,Away,0.25,0,0.583333333,0.166666667,0,0,0,0,0,0,0,0,4,1,1533.58,1514.36,0
L,Away,0,0,0,0.1,0,0,0,0,0,0,0,0,0,1,1363.5,1579.4,0
W,Home,0,0,0.3,0,0,0,0,0,0,0,0,0,3,1,1661.14,1527.16,0
D,Away,0.083333333,0.083333333,0.25,0.083333333,0,0,0,0,0,0,0,0,2,2,1617.32,1554.78,0
L,Away,0,0,0,0.111111111,0,0,0,0,0,0,0,0,0,1,1587.08,1555.24,0
W,Home,0.296296296,0.037037037,0.444444444,0.074074074,0,0,0,0,0,0,0,0,5,1,1533.46,1539.98,0
W,Home,0.545454545,0.090909091,1,0,0,0,0,0,0,0,0,0,8,0,1709.52,1569.6,0
W,Home,0,0,0.2,0,0,0,0,0,0,0,0,0,1,0,1629.16,1516.52,0
W,Home,0.083333333,0,0,0,0,0,0,0,0,0,0,0,2,0,1665.58,1539.44,0
L,Home,0,0,0.363636364,0.181818182,0,0,0,0,0,0,0,0,1,2,1521,1549.3,0
W,Away,0.363636364,0.181818182,0.818181818,0,0,0,0,0,0,0,0,0,1,0,1694.06,1549.42,0
L,Away,0,0,0.125,0.125,0,0,0,0,0,0,0,0,0,2,1645.62,1549.88,0
W,Home,0.181818182,0.090909091,0,0.090909091,0,0,0,0,0,0,0,0,3,1,1593.92,1560.34,0
W,Home,0.076923077,0,0,0.076923077,0,0,0,0,0,0,0,0,2,1,1376.2,1552.02,0
D,Home,0,0,0.384615385,0.307692308,0,0,0,0,0,0,0,0,0,0,1658.04,1606.64,0
L,Away,0,0,0,0.2,0,0,0,0,0,0,0,0,1,2,1570.32,1586.5,0
D,Home,0.086956522,0,0.260869565,0.173913043,0,0,0,0,0,0,0,0,1,1,1533.4,1631.14,0
W,Away,0.071428571,0,0,0.142857143,0,0,0,0,0,0,0,0,1,0,1608.8,1546.66,0
W,Away,0.090909091,0,0.181818182,0,0,0,0,0,0,0,0,0,2,0,1713.32,1541.2,0
W,Away,0.090909091,0.090909091,0,0,0,0,0,0,0,0,0,0,3,0,1660.48,1530.82,0
D,Away,0,0,0,0,0,0,0,0,0,0,0,0,1,1,1636.16,1516.58,0
D,Away,0.076923077,0,0,0.076923077,0,0,0,0,0,0,0,0,1,1,1607.96,1555.68,0
W,Home,0,0,0.5,0.2,0,0,0,0,0,0,0,0,2,0,1623.72,1572.68,0
D,Home,0.333333333,0,0,0.333333333,0,0,0,0,0,0,0,0,2,2,1567.16,1553.12,0
W,Home,0,0,0,0.333333333,0,0,0,0,0,0,0,0,1,0,1639.7,1452.6,0
W,Neutral,0,0,0,0,0,0,0,0,0,0,0,0,1,0,1671.14,1585.56,0
L,Neutral,0,0.076923077,0.230769231,0.153846154,0,0,0,0,0,0,0,0,0,1,1580.5,1576.7,0
D,Neutral,0,0,0.333333333,0.166666667,0,0,0,0,0,0,0,0,0,0,1666.58,1595.44,0
W,Neutral,0.230769231,0.076923077,0.615384615,0.230769231,0,0,0,0,0,0,0,0,4,0,1587.42,1556.68,0
D,Neutral,0,0,0.181818182,0.090909091,0,0,0,0,0,0,0,0,0,0,1662.12,1595.54,0
L,Neutral,0,0.083333333,0.166666667,0.166666667,0,0,0,0,0,0,0,0,0,1,1574.96,1607.54,0
W,Neutral,0,0,0.25,0.083333333,0,0,0,0,0,0,0,0,1,0,1582.16,1562.02,0
W,Neutral,0,0,0.1,0.1,0,0,0,0,0,0,0,0,2,0,1667.46,1571.6,0
W,Home,0,0,0,0.071428571,0,0,0,0,0,0,0,0,4,0,1613.62,1532.32,0
W,Home,0,0,0,0,0,0,0,0,0,0,0,0,1,0,1387.74,1521.9,0
W,Home,0,0,0,0.090909091,0,0,0,0,0,0,0,0,1,0,1665.04,1532.88,0
W,Home,0,0,0,0.066666667,0,0,0,0,0,0,0,0,1,0,1614.46,1532.84,0
W,Home,0,0,0,0,0,0,0,0,0,0,0,0,1,0,1644.78,1537.24,0
W,Away,0,0,0.333333333,0.333333333,0,0,0,0,0,0,0,0,2,1,1662.74,1537.82,0
W,Away,0,0,0,0,0,0,0,0,0,0,0,0,2,1,1573.08,1502.5,0
L,Neutral,0,0,0.166666667,0,0,0,0,0,0,0,0,0,0,1,1569.84,1607.68,0
D,Away,0,0,0,0.090909091,0,0,0,0,0,0,0,0,0,0,1390.14,1575.48,0
L,Away,0,0,0,0,0,0,0,0,0,0,0,0,0,2,1630.52,1592.24,0
D,Home,0,0,0,0.1,0,0,0,0,0,0,0,0,0,0,1568.72,1383.38,0
W,Neutral,0,0,0.454545455,0.090909091,0,0,0,0,0,0,0,0,3,1,1672.02,1539.8,0
W,Home,0,0,0,0.363636364,0.090909091,0,0,0,0,0,0,0,1,0,1670.48,1579.32,0
W,Home,0,0,0.444444444,0.222222222,0,0,0,0,0,0,0,0,1,0,1669.3,1624.56,0
L,Away,0,0,0,0.142857143,0,0,0,0,0,0,0,0,0,2,1601.04,1597.14,0
D,Away,0,0.076923077,0,0.076923077,0,0,0,0,0,0,0,0,2,2,1608.84,1528.06,0
W,Home,0.166666667,0,0,0.083333333,0,0,0,0,0,0,0,0,3,0,1635.8,1537.3,0
W,Neutral,0,0,0.333333333,0.083333333,0,0,0,0,0,0,0,0,3,1,1677.62,1593.28,0
W,Away,0,0.090909091,0,0,0,0,0,0,0,0,0,0,1,0,1393.92,1493.04,0
W,Home,0,0,0,0,0,0,0,0,0,0,0,0,1,0,1574.72,1507.9,0
D,Neutral,0,0,0.636363636,0.272727273,0,0,0,0,0,0,0,0,0,0,1672.82,1591.12,0
W,Home,0.076923077,0,0,0.076923077,0,0,0,0,0,0,0,0,1,0,1406.68,1585,0
D,Home,0,0,0,0.222222222,0,0,0,0,0,0,0,0,0,0,1573.6,1634.68,0
L,Home,0,0,0,0.090909091,0,0,0,0,0,0,0,0,0,2,1595.74,1604.04,0
W,Home,0.08,0,0.52,0.16,0,0,0,0,0,0,0,0,2,1,1540.08,1500.02,0
D,Away,0,0,0,0.181818182,0,0,0,0,0,0,0,0,0,0,1630.34,1569.26,0
D,Neutral,0,0.090909091,0,0.090909091,0,0,0,0,0,0,0,0,1,1,1518.98,1547.86,0
D,Away,0.1,0,0,0.1,0,0,0,0,0,0,0,0,1,1,1597.08,1551.72,0
L,Away,0,0,0,0.090909091,0,0,0,0,0,0,0,0,0,2,1654.6,1540.52,0
W,Neutral,0.142857143,0,0,0,0,0,0,0,0,0,0,0,2,1,1718.02,1593.2,0
L,Away,0,0,0,0.090909091,0,0,0,0,0,0,0,0,0,1,1658.02,1596.32,0
W,Away,0,0,0,0.181818182,0,0,0,0,0,0,0,0,1,0,1577.22,1564.08,0
W,Home,0.25,0,0.583333333,0,0,0,0,0,0,0,0,0,3,0,1674.26,1561.12,0
L,Neutral,0.181818182,0,0,0,0,0,0,0,0,0,0,0,2,4,1632.24,1630.34,0
W,Neutral,0.076923077,0.076923077,0,0,0,0,0,0,0,0,0,0,2,1,1697.7,1516.26,0
W,Neutral,0.142857143,0,0,0,0,0,0,0,0,0,0,0,2,1,1633.88,1509.78,0
W,Neutral,0.272727273,0.090909091,0,0,0,0,0,0,0,0,0,0,4,2,1637.58,1619.48,0
W,Away,0.076923077,0,0,0,0,0,0,0,0,0,0,0,2,1,1417.56,1528.12,0
W,Away,0,0,0,0.090909091,0,0,0,0,0,0,0,0,1,0,1575.64,1523.68,0
W,Home,0.166666667,0.166666667,0,0.166666667,0,0,0,0,0,0,0,0,5,1,1634.68,1492.24,0
W,Home,0,0.076923077,0,0,0,0,0,0,0,0,0,0,1,0,1604.24,1582.9,0
W,Home,0.181818182,0,0,0.090909091,0,0,0,0,0,0,0,0,2,0,1659.56,1546.76,0
D,Away,0,0,0.153846154,0.153846154,0,0,0,0,0,0,0,0,1,1,1668.38,1534.38,0
L,Away,0,0,0,0,0,0,0,0,0,0,0,0,0,1,1570.68,1612.02,0
W,Neutral,0.076923077,0.076923077,0,0,0,0,0,0,0,0,0,0,5,0,1637.44,1452.02,0
D,Neutral,0.071428571,0,0,0,0,0,0,0,0,0,0,0,1,1,1537.56,1547.88,0
W,Home,0,0,0,0.166666667,0,0,0,0,0,0,0,0,1,0,1663.68,1581.98,0
D,Home,0,0,0,0.076923077,0,0,0,0,0,0,0,0,0,0,1574.08,1560.94,0
W,Neutral,0.090909091,0,0,0,0,0,0,0,0,0,0,0,3,0,1626.38,1595.24,0
W,Neutral,0.272727273,0,0,0,0,0,0,0,0,0,0,0,3,0,1702.42,1577.92,0
W,Home,0,0.125,0.875,0.125,0,0,0,0,0,0,0,0,2,0,1526.12,1503.66,0
D,Neutral,0.083333333,0,0,0.166666667,0,0,0,0,0,0,0,0,1,1,1631.42,1481.34,0
W,Neutral,0.3,0.1,0,0.1,0,0,0,0,0,0,0,0,5,0,1722.46,1584.44,0
L,Away,0,0,0,0,0,0,0,0,0,0,0,0,0,2,1617.46,1420.34,0
W,Home,0.166666667,0,0,0.166666667,0,0,0,0,0,0,0,0,2,0,1433.06,1610.18,0
W,Home,0,0,0,0.090909091,0,0,0,0,0,0,0,0,2,0,1581.64,1514.12,0
D,Neutral,0,0,0,0,0,0,0,0,0,0,0,0,0,0,1578.64,1570.9,0
W,Neutral,0,0,0,0,0,0,0,0,0,0,0,0,2,1,1585.4,1548.78,0
W,Neutral,0.066666667,0.066666667,0,0.066666667,0,0,0,0,0,0,0,0,3,0,1616.7,1570.2,0
W,Neutral,0.071428571,0,0,0.071428571,0,0,0,0,0,0,0,0,2,1,1578.16,1568.72,0
W,Home,0,0,0,0.083333333,0,0,0,0,0,0,0,0,2,1,1533.62,1525.06,0
L,Away,0,0,0,0.076923077,0,0,0,0,0,0,0,0,1,2,1512.48,1541.04,0
W,Home,0.166666667,0,0,0.25,0,0,0,0,0,0,0,0,4,0,1580.4,1526.12,0
D,Home,0.076923077,0,0,0.230769231,0,0,0,0,0,0,0,0,1,1,1632.62,1549.78,0
L,Neutral,0,0,0,0.181818182,0,0,0,0,0,0,0,0,0,3,1571.76,1558.84,0
W,Away,0.153846154,0,0,0.076923077,0,0,0,0,0,0,0,0,2,1,1636.26,1712.34,0
W,Away,0.333333333,0,0,0.083333333,0,0,0,0,0,0,0,0,4,1,1638.62,1618.34,0
L,Home,0.076923077,0,0,0,0,0,0,0,0,0,0,0,1,2,1697.66,1641.58,0
L,Away,0,0,0,0.076923077,0,0,0,0,0,0,0,0,0,1,1686.2,1553.08,0
W,Home,0.076923077,0,0,0,0,0,0,0,0,0,0,0,3,1,1668.98,1571.84,0
D,Away,0,0,0,0.083333333,0,0,0,0,0,0,0,0,0,0,1578.12,1597.72,0
W,Home,0.08,0,0,0.16,0,0,0,0,0,0,0,0,1,0,1519.8,1504.62,0
D,Away,0.166666667,0,0,0.083333333,0,0,0,0,0,0,0,0,2,2,1627.76,1543.02,0
W,Neutral,0.142857143,0.142857143,0,0,0,0,0,0,0,0,0,0,5,0,1673.06,1546.84,0
D,Neutral,0,0,0,0.25,0,0,0,0,0,0,0,0,0,0,1568,1530.62,0
L,Neutral,0,0,0,0,0,0,0,0,0,0,0,0,0,1,1599.56,1632.1,0
W,Away,0.083333333,0,0,0.083333333,0,0,0,0,0,0,0,0,2,1,1645.56,1484,0
D,Away,0,0,0,0,0,0,0,0,0,0,0,0,1,1,1691.08,1516.62,0
W,Neutral,0.071428571,0,0,0.071428571,0,0,0,0,0,0,0,0,2,1,1585.38,1566.54,0
W,Away,0,0,0,0.083333333,0,0,0,0,0,0,0,0,1,0,1674.46,1585.48,0
D,Away,0,0,0,0,0,0,0,0,0,0,0,0,1,1,1679.14,1474.28,0
W,Away,0.111111111,0,0,0,0,0,0,0,0,0,0,0,2,1,1643.04,1504.22,0
L,Away,0.083333333,0,0,0.083333333,0,0,0,0,0,0,0,0,1,6,1530.38,1627.68,0
L,Home,0.071428571,0,0,0,0,0,0,0,0,0,0,0,1,2,1495.34,1654.16,0
L,Neutral,0,0,0,0.083333333,0,0,0,0,0,0,0,0,0,1,1585.78,1567.34,0
W,Away,0.071428571,0,0,0,0,0,0,0,0,0,0,0,1,0,1632.32,1500.82,0
L,Home,0,0,0,0.090909091,0,0,0,0,0,0,0,0,0,1,1629.78,1520.84,0
D,Away,0.090909091,0,0,0,0,0,0,0,0,0,0,0,1,1,1684,1476.92,0
D,Home,0,0,0,0.1,0,0,0,0,0,0,0,0,0,0,1674,1576.64,0
D,Home,0.037037037,0,0,0.074074074,0,0,0,0,0,0,0,0,1,1,1496.26,1628.6,0
D,Home,0.153846154,0.076923077,0,0.230769231,0,0,0,0,0,0,0,0,2,2,1648.48,1524.7,0
D,Away,0.181818182,0,0,0.454545455,0,0,0,0,0,0,0,0,2,2,1525.38,1649.16,0
W,Home,0.076923077,0,0,0.076923077,0,0,0,0,0,0,0,0,2,0,1637.36,1528.06,0
L,Neutral,0,0,0,0,0,0,0,0,0,0,0,0,1,2,1645.24,1604.24,0
D,Neutral,0,0,0,0.0625,0,0,0,0,0,0,0,0,0,0,1581.5,1539.3,0
L,Home,0,0,0,0.3,0,0,0,0,0,0,0,0,0,1,1667.6,1524.44,0
W,Home,0.083333333,0,0,0,0,0,0,0,0,0,0,0,2,0,1633.56,1460.7,0
L,Home,0,0,0,0.071428571,0,0,0,0,0,0,0,0,0,1,1515.48,1638.7,0
W,Neutral,0.066666667,0,0,0.133333333,0,0,0,0,0,0,0,0,1,0,1444.96,1591.9,0
W,Home,0.090909091,0,0,0.090909091,0,0,0,0,0,0,0,0,3,2,1652.94,1480.04,0
L,Home,0,0,0,0.25,0.083333333,0,0,0,0,0,0,0,0,4,1658.38,1557.46,0
L,Away,0.074074074,0.074074074,0,0.222222222,0,0,0,0,0,0,0,0,2,3,1472.1,1665,0
L,Neutral,0,0,0,0,0,0,0,0,0,0,0,0,0,1,1554.68,1554.92,0
L,Away,0.083333333,0,0.333333333,0.25,0,0,0,0,0,0,0,0,1,2,1464,1650.6,0
W,Home,0.066666667,0,0.4,0,0,0,0,0,0,0,0,0,2,0,1670.52,1443.62,0
L,Home,0,0,0.125,0.0625,0,0,0,0,0,0,0,0,0,2,1506.9,1676.42,0
W,Away,0.125,0,0.125,0.25,0,0,0,0,0,0,0,0,2,0,1679.92,1490.4,0
L,Away,0.066666667,0,0.266666667,0.066666667,0,0,0,0,0,0,0,0,1,2,1618.18,1529.06,0
W,Neutral,0.066666667,0,0,0.066666667,0,0,0,0,0,0,0,0,1,0,1585.9,1587.78,0
W,Neutral,0.058823529,0,0,0.058823529,0,0,0,0,0,0,0,0,1,0,1588.98,1579.38,0
D,Neutral,0,0,0,0.111111111,0,0,0,0,0,0,0,0,0,0,1581.58,1526.42,0
D,Neutral,0.058823529,0,0,0.117647059,0.058823529,0,0,0,0,0,0,0,2,2,1444.84,1540.4,0
W,Neutral,0.076923077,0.153846154,0,0,0,0,0,0,0,0,0,0,3,0,1676.9,1507.52,0
L,Away,0,0,0.333333333,0.083333333,0,0,0,0,0,0,0,0,0,1,1643.58,1581.84,0
L,Neutral,0,0,0,0.083333333,0,0,0,0,0,0,0,0,0,2,1603.56,1610.9,0
W,Neutral,0.0625,0,0,0,0,0,0,0,0,0,0,0,1,0,1650.34,1543.94,0
L,Home,0.0625,0,0.25,0,0,0,0,0,0,0,0,0,1,2,1621.44,1504.9,0
W,Neutral,0.071428571,0,0,0.071428571,0,0,0,0,0,0,0,0,1,0,1561.48,1526.1,0
W,Neutral,0.066666667,0,0,0,0,0,0,0,0,0,0,0,2,0,1678.08,1496.3,0
L,Home,0,0,0.230769231,0.230769231,0,0,0,0,0,0,0,0,0,1,1451.92,1498.32,0
L,Away,0,0,0.4375,0,0,0,0,0,0,0,0,0,0,2,1656.4,1624.06,0
W,Home,0.133333333,0,0.466666667,0.133333333,0,0,0,0,0,0,0,0,2,0,1632.14,1644.48,0
W,Home,0.066666667,0,0.333333333,0.133333333,0,0,0,0,0,0,0,0,1,0,1686.36,1637.04,0
W,Neutral,0.0625,0.0625,0,0.125,0,0,0,0,0,0,0,0,2,0,1595.92,1566.32,0
W,Away,0.071428571,0,0.214285714,0.214285714,0,0,0,0,0,0,0,0,1,0,1504.34,1437.94,0
D,Home,0.071428571,0.071428571,0.571428571,0,0,0,0,0,0,0,0,0,3,3,1637.08,1467.78,0
D,Neutral,0,0,0,0.076923077,0,0,0,0,0,0,0,0,0,0,1600.18,1578.2,0
L,Neutral,0.066666667,0,0,0.133333333,0.066666667,0,0,0,0,0,0,0,1,5,1573.66,1614.4,0
W,Neutral,0,0,0,0,0,0,0,0,0,0,0,0,3,0,1680.16,1476.3,0
W,Neutral,0.058823529,0,0,0.176470588,0,0,0,0,0,0,0,0,2,1,1454.4,1519.24,0
D,Neutral,0.071428571,0,0,0.071428571,0,0,0,0,0,0,0,0,1,1,1648.28,1676.02,0
L,Neutral,0.0625,0.0625,0,0.0625,0,0,0,0,0,0,0,0,2,3,1550.64,1641.26,0
D,Neutral,0,0,0,0.058823529,0,0,0,0,0,0,0,0,0,0,1576,1597.98,0
D,Neutral,0,0,0,0.071428571,0,0,0,0,0,0,0,0,1,1,1672.5,1644.76,0
W,Away,0.0625,0,0.3125,0.125,0,0,0,0,0,0,0,0,1,0,1626.86,1535.2,0
W,Neutral,0,0,0,0.071428571,0,0,0,0,0,0,0,0,1,0,1580.32,1436.34,0
W,Neutral,0.125,0,0,0.0625,0,0,0,0,0,0,0,0,2,0,1464.24,1538.62,0
W,Neutral,0.166666667,0.083333333,0,0,0,0,0,0,0,0,0,0,4,0,1557.38,1519.62,0
W,Neutral,0,0,0,0,0,0,0,0,0,0,0,0,1,0,1650.3,1563.52,0
D,Neutral,0,0,0,0.0625,0,0,0,0,0,0,0,0,1,1,1575.38,1487.3,0
L,Neutral,0,0,0,0,0,0,0,0,0,0,0,0,0,1,1561.4,1535.08,0
W,Neutral,0.3125,0,0,0.0625,0,0,0,0,0,0,0,0,5,0,1684.68,1551.06,0
L,Neutral,0,0,0,0.076923077,0,0,0,0,0,0,0,0,1,2,1543.22,1509.5,0
W,Neutral,0,0,0,0.125,0,0,0,0,0,0,0,0,1,0,1512.44,1525.92,0
W,Neutral,0.375,0,0.4375,0,0,57.75,0.6875,0,0,2,6,1,6,2,1644.64,1637.86,1.25
L,Neutral,0.058823529,0.058823529,0.117647059,0.117647059,0,20.05882353,0.588235294,0,0,0,2,2,2,6,1625.24,1652.02,1.647058824
W,Neutral,0.066666667,0,0.2,0.066666667,0,38.13333333,0.6,0,0,0,0,0,2,0,1693.2,1659.34,1.066666667
L,Neutral,0,0,0.266666667,0.133333333,0,35.4,0.333333333,0,0,0,0,0,0,2,1647.46,1701.32,1.6
D,Neutral,0,0.068965517,0.137931034,0.137931034,0,37.65517241,0.724137931,0,0,0,1,0,1,1,1439.66,1599.7,1.75862069
D,Neutral,0.0625,0,0.0625,0.25,0,45.25,0.75,0,0,0,0,0,1,1,1593.36,1433.32,1.25
L,Neutral,0.0625,0,0.0625,0.1875,0,35.1875,0.625,0,0,0,0,0,1,4,1584.46,1653.02,1.375
D,Neutral,0,0,0.230769231,0.076923077,0,51.69230769,1,0,0,0,1,1,0,0,1627.88,1569.4,1.461538462
W,Neutral,0.25,0,0.375,0,0,54.375,0.4375,0,0,0,0,0,4,1,1658.52,1569.96,2
D,Neutral,0,0,0.363636364,0.181818182,0,52.36363636,1.090909091,0,0,5,0,1,0,0,1539.62,1508.84,1.636363636
D,Neutral,0,0.083333333,0.083333333,0.083333333,0,33.25,0.583333333,0,0,0,0,1,0,0,1506.88,1537.66,1.916666667
W,Neutral,0.133333333,0,0.133333333,0.4,0,28.73333333,0.933333333,0,0,0,0,1,2,1,1572.06,1675.34,2.333333333
D,Neutral,0,0,0.076923077,0.076923077,0,31.92307692,0.538461538,0,0,1,2,1,0,0,1568.22,1626.7,2
L,Neutral,0,0.133333333,0.466666667,0,0,52.73333333,0.8,0,0,2,3,0,1,2,1660.08,1576.8,1.666666667
W,Neutral,0.153846154,0.076923077,0.384615385,0,0,69.69230769,0.307692308,0,0,0,0,0,7,0,1630.48,1447.86,1
L,Neutral,0,0,0,0.142857143,0,22.07142857,0.857142857,0,0,1,2,4,0,7,1440.2,1642.82,2.428571429
W,Neutral,0,0,0,0,0,64,4,0,0,0,0,0,1,0,1577.12,1555.38,5
