Date,Venue,Squad,Opponent,FTR,Ast,PKatt,SoT,CrdY,CrdR,Touches,Tkl,Int,Blocks,Cmp%,Succ,Fls,Off,PKwon,Defensive Tkl%,Defensive Sh,Defensive Pass,Defensive Tkl+Int,Defensive Clr,Squad_Goals
28-01-2018,Home,United States,Bosnia and Herzegovina,D,0,0,0,0,0,0,0,0,0,0,0,0,0,0,0,0,0,0,0,0
31-01-2018,Home,Mexico,Bosnia and Herzegovina,W,0,0,0,0,0,0,0,0,0,0,0,0,0,0,0,0,0,0,0,1
26-02-2018,Home,Saudi Arabia,Moldova,W,0,0,0,0,0,0,0,0,0,0,0,0,0,0,0,0,0,0,0,3
17-03-2018,Home,Iran,Sierra Leone,W,0.125,0,0,0,0,0,0,0,0,0,0,0,0,0,0,0,0,0,0,4
22-03-2018,Home,Denmark,Panama,W,0.142857143,0,0,0,0,0,0,0,0,0,0,0,0,0,0,0,0,0,0,1
23-03-2018,Away,Australia,Norway,L,0.142857143,0,0,0,0,0,0,0,0,0,0,0,0,0,0,0,0,0,0,1
23-03-2018,Away,Costa Rica,Scotland,W,0.142857143,0,0,0,0,0,0,0,0,0,0,0,0,0,0,0,0,0,0,1
23-03-2018,Away,England,Netherlands,W,0,0,0,0,0,0,0,0,0,0,0,0,0,0,0,0,0,0,0,1
23-03-2018,Away,Iran,Tunisia,L,0,0,0,0.111111111,0,0,0,0,0,0,0,0,0,0,0,0,0,0,0,0
23-03-2018,Away,Ireland,Turkey,L,0,0,0,0,0,0,0,0,0,0,0,0,0,0,0,0,0,0,0,0
23-03-2018,Away,Spain,Germany,D,0,0,0,0,0,0,0,0,0,0,0,0,0,0,0,0,0,0,0,1
23-03-2018,Home,Argentina,Italy,W,0,0,0,0,0,0,0,0,0,0,0,0,0,0,0,0,0,0,0,2
23-03-2018,Home,France,Colombia,L,0.090909091,0,0,0,0,0,0,0,0,0,0,0,0,0,0,0,0,0,0,2
23-03-2018,Home,Mexico,Iceland,W,0.125,0,0,0.125,0,0,0,0,0,0,0,0,0,0,0,0,0,0,0,3
23-03-2018,Home,Netherlands,England,L,0,0,0,0,0,0,0,0,0,0,0,0,0,0,0,0,0,0,0,0
23-03-2018,Home,Poland,Nigeria,L,0,0,0,0,0,0,0,0,0,0,0,0,0,0,0,0,0,0,0,0
23-03-2018,Home,Saudi Arabia,Ukraine,D,0,0,0,0,0,0,0,0,0,0,0,0,0,0,0,0,0,0,0,1
23-03-2018,Home,Scotland,Costa Rica,L,0,0,0,0,0,0,0,0,0,0,0,0,0,0,0,0,0,0,0,0
23-03-2018,Home,Senegal,Uzbekistan,D,0,0,0,0,0,0,0,0,0,0,0,0,0,0,0,0,0,0,0,1
23-03-2018,Home,Tunisia,Iran,W,0,0,0,0.222222222,0,0,0,0,0,0,0,0,0,0,0,0,0,0,0,1
26-03-2018,Away,Netherlands,Portugal,W,0.25,0,0,0.125,0,0,0,0,0,0,0,0,0,0,0,0,0,0,0,3
27-03-2018,Away,Argentina,Spain,L,0,0,0,0.2,0,0,0,0,0,0,0,0,0,0,0,0,0,0,0,1
27-03-2018,Away,Australia,Colombia,D,0,0,0,0,0,0,0,0,0,0,0,0,0,0,0,0,0,0,0,0
27-03-2018,Away,Costa Rica,Tunisia,L,0,0,0,0.428571429,0,0,0,0,0,0,0,0,0,0,0,0,0,0,0,0
27-03-2018,Away,France,Russia,W,0,0,0,0.090909091,0,0,0,0,0,0,0,0,0,0,0,0,0,0,0,3
27-03-2018,Away,Saudi Arabia,Belgium,L,0,0,0,0,0,0,0,0,0,0,0,0,0,0,0,0,0,0,0,0
27-03-2018,Away,Scotland,Hungary,W,0,0,0,0,0,0,0,0,0,0,0,0,0,0,0,0,0,0,0,1
27-03-2018,Home,Denmark,Chile,D,0,0,0,0,0,0,0,0,0,0,0,0,0,0,0,0,0,0,0,0
27-03-2018,Home,England,Italy,D,0,0,0,0.1,0,0,0,0,0,0,0,0,0,0,0,0,0,0,0,1
27-03-2018,Home,Iran,Algeria,W,0.111111111,0,0,0.055555556,0,0,0,0,0,0,0,0,0,0,0,0,0,0,0,2
27-03-2018,Home,Mexico,Croatia,L,0,0,0,0,0,0,0,0,0,0,0,0,0,0,0,0,0,0,0,0
27-03-2018,Home,Poland,Korea Republic,W,0.1,0,0,0,0,0,0,0,0,0,0,0,0,0,0,0,0,0,0,3
27-03-2018,Home,Senegal,Bosnia and Herzegovina,D,0,0,0,0,0,0,0,0,0,0,0,0,0,0,0,0,0,0,0,0
27-03-2018,Home,Spain,Argentina,W,0.333333333,0,0,0,0,0,0,0,0,0,0,0,0,0,0,0,0,0,0,6
27-03-2018,Home,Tunisia,Costa Rica,W,0,0,0,0.111111111,0,0,0,0,0,0,0,0,0,0,0,0,0,0,0,1
27-03-2018,Home,United States,Paraguay,W,0,0,0,0.285714286,0,0,0,0,0,0,0,0,0,0,0,0,0,0,0,1
09-05-2018,Home,Saudi Arabia,Algeria,W,0,0,0,0.166666667,0,0,0,0,0,0,0,0,0,0,0,0,0,0,0,2
15-05-2018,Home,Saudi Arabia,Greece,W,0,0,0,0.285714286,0,0,0,0,0,0,0,0,0,0,0,0,0,0,0,2
19-05-2018,Home,Iran,Uzbekistan,W,0.0625,0,0,0.0625,0,0,0,0,0,0,0,0,0,0,0,0,0,0,0,1
28-05-2018,Away,Iran,Turkey,L,0,0,0,0.058823529,0,0,0,0,0,0,0,0,0,0,0,0,0,0,0,1
28-05-2018,Away,Ireland,France,L,0,0,0,0,0,0,0,0,0,0,0,0,0,0,0,0,0,0,0,0
28-05-2018,Away,Tunisia,Portugal,D,0.166666667,0,0,0,0,0,0,0,0,0,0,0,0,0,0,0,0,0,0,2
28-05-2018,Away,Wales,Mexico,D,0,0,0,0.052631579,0,0,0,0,0,0,0,0,0,0,0,0,0,0,0,0
28-05-2018,Home,France,Ireland,W,0.111111111,0,0,0,0,0,0,0,0,0,0,0,0,0,0,0,0,0,0,2
28-05-2018,Home,Mexico,Wales,D,0,0,0,0.2,0,0,0,0,0,0,0,0,0,0,0,0,0,0,0,0
28-05-2018,Home,Saudi Arabia,Italy,L,0.111111111,0,0,0,0,0,0,0,0,0,0,0,0,0,0,0,0,0,0,1
28-05-2018,Home,United States,Bolivia,W,0.142857143,0,0,0.142857143,0,0,0,0,0,0,0,0,0,0,0,0,0,0,0,3
29-05-2018,Home,Argentina,Haiti,W,0.25,0.25,0,0,0,0,0,0,0,0,0,0,0,0,0,0,0,0,0,4
31-05-2018,Away,Netherlands,Slovakia,D,0.111111111,0,0,0.111111111,0,0,0,0,0,0,0,0,0,0,0,0,0,0,0,1
31-05-2018,Away,Senegal,Luxembourg,D,0,0,0,0,0,0,0,0,0,0,0,0,0,0,0,0,0,0,0,0
01-06-2018,Away,Tunisia,Turkey,D,0,0,0,0.142857143,0,0,0,0,0,0,0,0,0,0,0,0,0,0,0,2
01-06-2018,Home,Australia,Czech Republic,W,0.111111111,0,0,0,0,0,0,0,0,0,0,0,0,0,0,0,0,0,0,4
01-06-2018,Home,France,Italy,W,0,0.1,0,0,0,0,0,0,0,0,0,0,0,0,0,0,0,0,0,3
02-06-2018,Away,Denmark,Sweden,D,0,0,0,0,0,0,0,0,0,0,0,0,0,0,0,0,0,0,0,0
02-06-2018,Away,United States,Ireland,L,0,0,0,0.222222222,0,0,0,0,0,0,0,0,0,0,0,0,0,0,0,1
02-06-2018,Home,England,Nigeria,W,0.1,0,0,0.1,0,0,0,0,0,0,0,0,0,0,0,0,0,0,0,2
02-06-2018,Home,Ireland,United States,W,0,0,0,0,0,0,0,0,0,0,0,0,0,0,0,0,0,0,0,2
02-06-2018,Home,Mexico,Scotland,W,0,0,0,0,0,0,0,0,0,0,0,0,0,0,0,0,0,0,0,1
03-06-2018,Home,Costa Rica,Ireland,W,0.111111111,0,0,0,0,0,0,0,0,0,0,0,0,0,0,0,0,0,0,3
03-06-2018,Home,Saudi Arabia,Peru,L,0,0,0,0,0,0,0,0,0,0,0,0,0,0,0,0,0,0,0,0
03-06-2018,Home,Spain,Switzerland,D,0,0,0,0,0,0,0,0,0,0,0,0,0,0,0,0,0,0,0,1
04-06-2018,Away,Netherlands,Italy,D,0.111111111,0,0,0.111111111,0,0,0,0,0,0,0,0,0,0,0,0,0,0,0,1
07-06-2018,Away,Costa Rica,England,L,0,0,0,0,0,0,0,0,0,0,0,0,0,0,0,0,0,0,0,0
07-06-2018,Home,England,Costa Rica,W,0,0,0,0,0,0,0,0,0,0,0,0,0,0,0,0,0,0,0,2
08-06-2018,Away,Saudi Arabia,Germany,L,0,0,0,0,0,0,0,0,0,0,0,0,0,0,0,0,0,0,0,1
08-06-2018,Away,Senegal,Croatia,L,0,0,0,0.166666667,0,0,0,0,0,0,0,0,0,0,0,0,0,0,0,1
08-06-2018,Home,Iran,Lithuania,W,0,0,0,0,0,0,0,0,0,0,0,0,0,0,0,0,0,0,0,1
08-06-2018,Home,Poland,Chile,D,0.222222222,0,0,0,0,0,0,0,0,0,0,0,0,0,0,0,0,0,0,2
09-06-2018,Away,Australia,Hungary,W,0.125,0,0,0.125,0,0,0,0,0,0,0,0,0,0,0,0,0,0,0,2
09-06-2018,Away,Mexico,Denmark,L,0,0,0,0,0,0,0,0,0,0,0,0,0,0,0,0,0,0,0,0
09-06-2018,Away,Tunisia,Spain,L,0,0,0,0.125,0,0,0,0,0,0,0,0,0,0,0,0,0,0,0,0
09-06-2018,Away,United States,France,D,0,0,0,0.25,0,0,0,0,0,0,0,0,0,0,0,0,0,0,0,1
09-06-2018,Home,Denmark,Mexico,W,0.111111111,0,0,0,0,0,0,0,0,0,0,0,0,0,0,0,0,0,0,2
09-06-2018,Home,France,United States,D,0.1,0,0,0,0,0,0,0,0,0,0,0,0,0,0,0,0,0,0,1
09-06-2018,Home,Spain,Tunisia,W,0,0,0,0,0,0,0,0,0,0,0,0,0,0,0,0,0,0,0,1
11-06-2018,Away,Costa Rica,Belgium,L,0,0,0,0,0,0,0,0,0,0,0,0,0,0,0,0,0,0,0,1
11-06-2018,Away,Senegal,Korea Republic,W,0,0,0,0,0,0,0,0,0,0,0,0,0,0,0,0,0,0,0,2
12-06-2018,Home,Poland,Lithuania,W,0.111111111,0,0,0,0,0,0,0,0,0,0,0,0,0,0,0,0,0,0,4
14-06-2018,Neutral,Saudi Arabia,Russia,L,0,0,0,0,0,31.625,1.5,0.25,0.375,53.9625,0.5,0,0,0,0,0,0,0,0,0
15-06-2018,Neutral,Iran,Morocco,W,0,0,0.133333333,0.133333333,0,19.66666667,1,0.6,0.466666667,51.86,0.333333333,0,0,0,0,1,0,0,4,1
15-06-2018,Neutral,Spain,Portugal,D,0.166666667,0,0,0.166666667,0,44.16666667,0.5,0.833333333,0.5,44.91666667,0.166666667,0,0,0,0,0,0,0,0,3
16-06-2018,Neutral,Argentina,Iceland,D,0,0.25,0.625,0,0,48.375,0.375,0.375,0.125,53.75,2,0,0,0,0,0,0,0,0,1
16-06-2018,Neutral,Australia,France,L,0,0,0,0.25,0,38.375,1.5,0.625,0.625,56.6875,0.125,0,0,0,0,0,1,2,0,1
16-06-2018,Neutral,Denmark,Peru,W,0.111111111,0,0.111111111,0.111111111,0,33.22222222,0.777777778,0.444444444,0.888888889,59.6,0.222222222,0,0,0,0,1,1,1,5,1
16-06-2018,Neutral,France,Australia,W,0,0.1,0.3,0,0,34.3,0.8,0.1,0.5,61.66,0.5,0,0,0,0,0,1,0,5,2
17-06-2018,Neutral,Costa Rica,Serbia,L,0,0,0,0.111111111,0,38.88888889,0.777777778,1.222222222,0.555555556,55.58888889,0.666666667,0,0,0,0,0,1,2,0,0
17-06-2018,Neutral,Mexico,Germany,W,0,0,0.25,0.125,0,30.375,1.125,1.75,1,58.2875,1,0,0,0,100,0,1,5,0,1
18-06-2018,Neutral,England,Tunisia,W,0.083333333,0,0.416666667,0.083333333,0,41.16666667,0.583333333,0.416666667,0.333333333,60.35833333,0.916666667,0,0,0,0,0,0,0,0,2
18-06-2018,Neutral,Tunisia,England,L,0,0.125,0,0,0,30.5,0.875,0.625,0.5,59.9375,0.625,0,0,0,0,0,1,0,2,1
19-06-2018,Neutral,Poland,Senegal,L,0.1,0,0.2,0.1,0,34.6,0.5,0.2,0.2,66.21,0.3,0,0,0,100,0,0,2,2,1
19-06-2018,Neutral,Senegal,Poland,W,0,0,0,0.166666667,0,34.33333333,0.666666667,0.666666667,0.833333333,69.93333333,0.666666667,0,0,0,0,0,1,3,5,2
20-06-2018,Neutral,Iran,Spain,L,0,0,0,0.066666667,0,21.86666667,1.066666667,0.733333333,0.933333333,48.14,0.6,0,0,0,0,0,0,4,2,0
20-06-2018,Neutral,Saudi Arabia,Uruguay,L,0,0,0.25,0,0,47.125,0.75,0.125,0.625,79.7625,1.25,0,0,0,0,0,1,2,0,0
20-06-2018,Neutral,Spain,Iran,W,0,0,0.166666667,0,0,52.16666667,0.5,0.333333333,0.166666667,71.51666667,1,0,0,0,0,0,0,0,0,1
21-06-2018,Neutral,Argentina,Croatia,L,0,0,0,0.25,0,41,1.5,0.625,0.875,57.65,1.5,0,0,0,50,0,0,5,2,0
21-06-2018,Neutral,Australia,Denmark,D,0,0,0.125,0,0,38.125,0.125,0.375,0.25,59.9875,1,0,0,0,0,0,0,2,4,1
21-06-2018,Neutral,Denmark,Australia,D,0,0,0.333333333,0,0,40,1.111111111,0.777777778,0.666666667,62.94444444,0.111111111,0,0,0,0,0,0,1,0,1
21-06-2018,Neutral,France,Peru,W,0,0,0.4,0,0,33.1,1.1,0.7,0.5,58.43,1.1,0,0,0,0,0,1,2,0,1
22-06-2018,Neutral,Costa Rica,Brazil,L,0,0,0,0,0,27,1.555555556,0.555555556,0.333333333,57.3,0.666666667,0,0,0,0,0,0,0,2,0
23-06-2018,Neutral,Mexico,Korea Republic,W,0.125,0,0.125,0,0,38.125,1.375,1,1.375,63.6375,0.375,0,0,0,57.1,0,3,5,3,2
23-06-2018,Neutral,Tunisia,Belgium,L,0.125,0,0.375,0.125,0,39.5,1.375,0.875,0.75,68.15,0.75,0,0,0,0,0,0,0,0,2
24-06-2018,Neutral,England,Panama,W,0.166666667,0.166666667,0.333333333,0,0,42.41666667,0.416666667,0.333333333,0.25,59.625,0.083333333,0,0,0,0,0,0,0,0,6
24-06-2018,Neutral,Poland,Colombia,L,0,0,0.2,0.1,0,31.2,1,0.9,0.6,60.91,0.5,0,0,0,0,0,0,1,0,0
24-06-2018,Neutral,Senegal,Japan,D,0,0,0.333333333,0.166666667,0,31.83333333,1,0.166666667,0.333333333,64.66666667,0.166666667,0,0,0,100,0,0,1,0,2
25-06-2018,Neutral,Iran,Portugal,D,0,0.066666667,0.066666667,0.133333333,0,21.26666667,1.066666667,1.2,0.866666667,56.68,0.466666667,0,0,0,0,0,0,0,0,1
25-06-2018,Neutral,Saudi Arabia,Egypt,W,0,0.285714286,0.571428571,0,0,49.42857143,0.428571429,0.142857143,0.571428571,58.27142857,1.428571429,0,0,0,0,0,1,0,1,2
25-06-2018,Neutral,Spain,Morocco,D,0.166666667,0,0,0,0,40.33333333,0.833333333,0.5,0.166666667,58.93333333,0.166666667,0,0,0,0,0,0,3,0,2
26-06-2018,Neutral,Argentina,Nigeria,W,0,0,0.5,0.25,0,46,1,0.5,0.875,54.9125,2,0,0,0,0,0,0,0,0,2
26-06-2018,Neutral,Australia,Peru,L,0,0,0,0,0,42.125,0.5,0.75,0.875,58.5375,0.625,0,0,0,0,0,0,0,0,0
26-06-2018,Neutral,Denmark,France,D,0,0,0.222222222,0,0,32.22222222,0.555555556,0.555555556,0.333333333,62.02222222,0.333333333,0,0,0,0,0,0,0,10,0
26-06-2018,Neutral,France,Denmark,D,0,0,0.2,0,0,31.8,0.4,0.1,0.4,55.21,0.4,0,0,0,0,0,1,0,8,0
27-06-2018,Neutral,Costa Rica,Switzerland,D,0.111111111,0.111111111,0.555555556,0.222222222,0,28.66666667,0.777777778,0.777777778,0.333333333,53.33333333,0.777777778,0,0,0,0,0,0,1,1,2
27-06-2018,Neutral,Mexico,Sweden,L,0,0,0.125,0.25,0,35.75,0.5,0.625,0.375,60.5375,1,0,0,0,0,0,0,1,2,0
28-06-2018,Neutral,England,Belgium,L,0,0,0.083333333,0,0,24.08333333,0.083333333,0.166666667,0.5,41.975,0.5,0,0,0,0,0,0,0,0,0
28-06-2018,Neutral,Poland,Japan,W,0,0,0.2,0,0,39.3,0.5,0.3,0.6,56.02,0.3,0,0,0,0,1,0,1,5,1
28-06-2018,Neutral,Senegal,Colombia,L,0,0,0.166666667,0,0,32.5,1.666666667,0.833333333,0.666666667,65.41666667,0.666666667,0,0,0,100,0,0,2,0,0
28-06-2018,Neutral,Tunisia,Panama,W,0.142857143,0,0.571428571,0.285714286,0,47.14285714,1.428571429,0.428571429,1.142857143,58.31428571,0.714285714,0,0,0,0,0,0,1,0,2
30-06-2018,Neutral,Argentina,France,L,0.5,0,0.375,0.25,0,37.5,0.875,0.25,1,58.2,1,0,0,0,25,0,3,1,0,3
30-06-2018,Neutral,France,Argentina,W,0.2,0.1,0.3,0.2,0,23.7,1.1,0.3,0.5,53.42,0.9,0,0,0,0,0,0,0,0,4
01-07-2018,Neutral,Denmark,Croatia,D,0.111111111,0,0.111111111,0,0,37.11111111,0.555555556,0.222222222,0.555555556,51.42222222,0.444444444,0,0,0,0,1,0,1,1,1
01-07-2018,Neutral,Spain,Russia,D,0,0,0.333333333,0,0,90.83333333,1.666666667,0.333333333,0,75,0.666666667,0,0,0,0,0,0,0,1,1
02-07-2018,Neutral,Mexico,Brazil,L,0,0,0,0.285714286,0,32.57142857,1.285714286,0.142857143,0.571428571,57.71428571,1.142857143,0,0,0,25,0,0,2,1,0
03-07-2018,Neutral,England,Colombia,D,0,0.083333333,0,0.083333333,0,46.66666667,1.416666667,0.416666667,0.583333333,66.80833333,0.333333333,0,0,0,0,0,2,1,0,1
06-07-2018,Neutral,France,Uruguay,W,0.1,0,0.2,0.2,0,42.5,1.2,0.5,0,62.52,1,0,0,0,100,0,0,4,6,2
07-07-2018,Neutral,England,Sweden,W,0,0,0.083333333,0.083333333,0,40,0.583333333,0.583333333,0.416666667,60.23333333,0.333333333,0,0,0,0,0,0,0,0,2
10-07-2018,Neutral,France,Belgium,W,0.1,0,0.2,0.1,0,30.3,0.7,0.3,0.4,53.66,0.8,0,0,0,50,0,2,4,2,1
11-07-2018,Neutral,England,Croatia,L,0,0,0.083333333,0.083333333,0,43.91666667,0.833333333,0.5,0.75,61.46666667,0.5,0,0,0,0,0,2,0,0,1
14-07-2018,Neutral,England,Belgium,L,0,0,0.25,0.166666667,0,40.08333333,0.5,0.583333333,0.583333333,60.91666667,0.416666667,0,0,0,0,0,0,0,0,0
15-07-2018,Neutral,France,Croatia,W,0.1,0.1,0.3,0.1,0,26.1,0.7,0.3,0.7,42.89,0.7,0,0,0,0,0,0,0,0,4
06-09-2018,Away,France,Germany,D,0,0,0,0,0,0,0,0,0,0,0,0,0,0,0,0,0,0,0,0
06-09-2018,Home,Netherlands,Peru,W,0.111111111,0,0,0,0,0,0,0,0,0,0,0,0,0,0,0,0,0,0,2
06-09-2018,Home,Wales,Ireland,W,0,0,0,0,0,0,0,0,0,0,0,0,0,0,0,0,0,0,0,4
07-09-2018,Away,Costa Rica,Korea Republic,L,0,0,0,0,0,0,0,0,0,0,0,0,0,0,0,0,0,0,0,0
07-09-2018,Away,Poland,Italy,D,0,0,0,0.066666667,0,0,0,0,0,0,0,0,0,0,0,0,0,0,0,1
07-09-2018,Home,Argentina,Guatemala,W,0.111111111,0,0,0.111111111,0,0,0,0,0,0,0,0,0,0,0,0,0,0,0,3
07-09-2018,Home,Mexico,Uruguay,L,0,0,0,0,0,0,0,0,0,0,0,0,0,0,0,0,0,0,0,1
07-09-2018,Home,United States,Brazil,L,0,0,0,0,0,0,0,0,0,0,0,0,0,0,0,0,0,0,0,0
08-09-2018,Away,Spain,England,W,0,0,0,0.142857143,0,0,0,0,0,0,0,0,0,0,0,0,0,0,0,2
08-09-2018,Home,England,Spain,L,0.090909091,0,0,0.272727273,0,0,0,0,0,0,0,0,0,0,0,0,0,0,0,1
09-09-2018,Away,Netherlands,France,L,0,0,0,0,0,0,0,0,0,0,0,0,0,0,0,0,0,0,0,1
09-09-2018,Away,Senegal,Madagascar,D,0,0,0,0.6,0,0,0,0,0,0,0,0,0,0,0,0,0,0,0,2
09-09-2018,Away,Tunisia,Eswatini,W,0.333333333,0.166666667,0,0,0,0,0,0,0,0,0,0,0,0,0,0,0,0,0,2
09-09-2018,Away,Wales,Denmark,L,0,0,0,0.148148148,0,0,0,0,0,0,0,0,0,0,0,0,0,0,0,0
09-09-2018,Home,Denmark,Wales,W,0,0.125,0,0.125,0,0,0,0,0,0,0,0,0,0,0,0,0,0,0,2
09-09-2018,Home,France,Netherlands,W,0,0,0,0.25,0,0,0,0,0,0,0,0,0,0,0,0,0,0,0,2
10-09-2018,Home,Saudi Arabia,Bolivia,D,0,0.111111111,0,0.333333333,0,0,0,0,0,0,0,0,0,0,0,0,0,0,0,2
11-09-2018,Away,Argentina,Colombia,D,0,0,0,0.222222222,0,0,0,0,0,0,0,0,0,0,0,0,0,0,0,0
11-09-2018,Away,Costa Rica,Japan,L,0,0,0,0.25,0,0,0,0,0,0,0,0,0,0,0,0,0,0,0,0
11-09-2018,Away,Iran,Uzbekistan,W,0.058823529,0,0,0.058823529,0,0,0,0,0,0,0,0,0,0,0,0,0,0,0,1
11-09-2018,Away,Mexico,United States,L,0,0,0,0.2,0,0,0,0,0,0,0,0,0,0,0,0,0,0,0,0
11-09-2018,Home,England,Switzerland,W,0.1,0,0,0.1,0,0,0,0,0,0,0,0,0,0,0,0,0,0,0,1
11-09-2018,Home,Poland,Ireland,D,0.071428571,0,0,0,0,0,0,0,0,0,0,0,0,0,0,0,0,0,0,1
11-09-2018,Home,Spain,Croatia,W,0,0,0,0,0,0,0,0,0,0,0,0,0,0,0,0,0,0,0,6
11-09-2018,Home,United States,Mexico,W,0.1,0,0,0.1,0,0,0,0,0,0,0,0,0,0,0,0,0,0,0,1
11-10-2018,Away,Argentina,Iraq,W,0.25,0,0,0,0,0,0,0,0,0,0,0,0,0,0,0,0,0,0,4
11-10-2018,Away,Costa Rica,Mexico,L,0.111111111,0.111111111,0,0.111111111,0,0,0,0,0,0,0,0,0,0,0,0,0,0,0,2
11-10-2018,Away,Spain,Wales,W,0,0,0,0,0,0,0,0,0,0,0,0,0,0,0,0,0,0,0,4
11-10-2018,Home,France,Iceland,D,0,0.1,0,0.1,0,0,0,0,0,0,0,0,0,0,0,0,0,0,0,2
11-10-2018,Home,Mexico,Costa Rica,W,0,0,0,0.142857143,0,0,0,0,0,0,0,0,0,0,0,0,0,0,0,3
11-10-2018,Home,Poland,Poland,L,0,0,0,0,0,0,0,0,0,0,0,0,0,0,0,0,0,0,0,2
11-10-2018,Home,Poland,Portugal,L,0,0,0,0.153846154,0,0,0,0,0,0,0,0,0,0,0,0,0,0,0,2
11-10-2018,Home,United States,Colombia,L,0.166666667,0,0,0.333333333,0,0,0,0,0,0,0,0,0,0,0,0,0,0,0,2
11-10-2018,Home,Wales,Spain,L,0,0,0,0,0,0,0,0,0,0,0,0,0,0,0,0,0,0,0,1
12-10-2018,Away,England,Croatia,D,0,0,0,0.25,0,0,0,0,0,0,0,0,0,0,0,0,0,0,0,0
12-10-2018,Home,Saudi Arabia,Brazil,L,0,0,0,0,0.111111111,0,0,0,0,0,0,0,0,0,0,0,0,0,0,0
13-10-2018,Away,Denmark,Ireland,D,0,0,0,0.111111111,0,0,0,0,0,0,0,0,0,0,0,0,0,0,0,0
13-10-2018,Home,Netherlands,Germany,W,0,0,0,0,0,0,0,0,0,0,0,0,0,0,0,0,0,0,0,3
13-10-2018,Home,Senegal,Sudan,W,0,0,0,0,0,0,0,0,0,0,0,0,0,0,0,0,0,0,0,3
13-10-2018,Home,Tunisia,Niger,W,0.142857143,0,0,0.714285714,0.142857143,0,0,0,0,0,0,0,0,0,0,0,0,0,0,1
14-10-2018,Home,Poland,Italy,L,0,0,0,0,0,0,0,0,0,0,0,0,0,0,0,0,0,0,0,0
15-10-2018,Away,Australia,Kuwait,W,0,0,0,0.111111111,0,0,0,0,0,0,0,0,0,0,0,0,0,0,0,4
15-10-2018,Away,England,Spain,W,0,0,0,0.2,0,0,0,0,0,0,0,0,0,0,0,0,0,0,0,3
15-10-2018,Home,Saudi Arabia,Iraq,D,0,0,0,0,0,0,0,0,0,0,0,0,0,0,0,0,0,0,0,1
15-10-2018,Home,Spain,England,L,0,0,0,0.142857143,0,0,0,0,0,0,0,0,0,0,0,0,0,0,0,2
16-10-2018,Away,Costa Rica,Colombia,L,0,0,0,0.222222222,0,0,0,0,0,0,0,0,0,0,0,0,0,0,0,1
16-10-2018,Away,Netherlands,Belgium,D,0.1,0,0,0,0,0,0,0,0,0,0,0,0,0,0,0,0,0,0,1
16-10-2018,Away,Senegal,Sudan,W,0,0,0,0,0,0,0,0,0,0,0,0,0,0,0,0,0,0,0,1
16-10-2018,Away,Tunisia,Niger,W,0.166666667,0,0,0,0,0,0,0,0,0,0,0,0,0,0,0,0,0,0,2
16-10-2018,Away,Wales,Ireland,W,0,0,0,0.1,0,0,0,0,0,0,0,0,0,0,0,0,0,0,0,1
16-10-2018,Home,Denmark,Austria,W,0,0,0,0,0,0,0,0,0,0,0,0,0,0,0,0,0,0,0,2
16-10-2018,Home,France,Germany,W,0.1,0.1,0,0,0,0,0,0,0,0,0,0,0,0,0,0,0,0,0,2
16-10-2018,Home,Iran,Bolivia,W,0,0,0,0.058823529,0,0,0,0,0,0,0,0,0,0,0,0,0,0,0,2
16-10-2018,Home,Mexico,Chile,L,0,0,0,0.142857143,0,0,0,0,0,0,0,0,0,0,0,0,0,0,0,0
16-10-2018,Home,United States,Peru,D,0.125,0,0,0.125,0,0,0,0,0,0,0,0,0,0,0,0,0,0,0,1
15-11-2018,Away,Spain,Croatia,L,0,0,0,0.125,0,0,0,0,0,0,0,0,0,0,0,0,0,0,0,2
15-11-2018,Away,United States,England,L,0,0,0,0,0,0,0,0,0,0,0,0,0,0,0,0,0,0,0,0
15-11-2018,Home,England,United States,W,0,0,0,0,0,0,0,0,0,0,0,0,0,0,0,0,0,0,0,3
15-11-2018,Home,Iran,Trin and Tobago,W,0,0.058823529,0,0,0,0,0,0,0,0,0,0,0,0,0,0,0,0,0,1
15-11-2018,Home,Poland,Czech Republic,L,0,0,0,0,0,0,0,0,0,0,0,0,0,0,0,0,0,0,0,0
16-11-2018,Away,Costa Rica,Chile,W,0.333333333,0,0,0.166666667,0,0,0,0,0,0,0,0,0,0,0,0,0,0,0,3
16-11-2018,Away,Denmark,Wales,W,0,0,0,0.333333333,0,0,0,0,0,0,0,0,0,0,0,0,0,0,0,2
16-11-2018,Away,France,Netherlands,L,0,0,0,0.2,0,0,0,0,0,0,0,0,0,0,0,0,0,0,0,0
16-11-2018,Away,Mexico,Argentina,L,0,0,0,0,0,0,0,0,0,0,0,0,0,0,0,0,0,0,0,0
16-11-2018,Away,Tunisia,Egypt,L,0.111111111,0,0,0,0,0,0,0,0,0,0,0,0,0,0,0,0,0,0,2
16-11-2018,Home,Argentina,Mexico,W,0.111111111,0,0,0.111111111,0,0,0,0,0,0,0,0,0,0,0,0,0,0,0,2
16-11-2018,Home,Netherlands,France,W,0,0,0,0,0,0,0,0,0,0,0,0,0,0,0,0,0,0,0,2
16-11-2018,Home,Saudi Arabia,Yemen,W,0,0,0,0,0,0,0,0,0,0,0,0,0,0,0,0,0,0,0,1
16-11-2018,Home,Wales,Denmark,L,0,0,0,0.08,0,0,0,0,0,0,0,0,0,0,0,0,0,0,0,1
17-11-2018,Away,Senegal,Equatorial Guinea ,W,0,0,0,0.142857143,0,0,0,0,0,0,0,0,0,0,0,0,0,0,0,1
17-11-2018,Home,Australia,Korea Republic,D,0,0,0,0.090909091,0,0,0,0,0,0,0,0,0,0,0,0,0,0,0,1
18-11-2018,Home,England,Croatia,W,0.1,0,0,0,0,0,0,0,0,0,0,0,0,0,0,0,0,0,0,2
18-11-2018,Home,Spain,Bosnia and Herzegovina,W,0,0,0,0.25,0,0,0,0,0,0,0,0,0,0,0,0,0,0,0,1
19-11-2018,Away,Netherlands,Germany,D,0.1,0,0,0,0,0,0,0,0,0,0,0,0,0,0,0,0,0,0,2
19-11-2018,Home,Denmark,Ireland,D,0,0,0,0,0,0,0,0,0,0,0,0,0,0,0,0,0,0,0,0
20-11-2018,Away,Costa Rica,Peru,W,0.166666667,0.166666667,0,0.166666667,0,0,0,0,0,0,0,0,0,0,0,0,0,0,0,3
20-11-2018,Away,Mexico,Argentina,L,0,0,0,0.166666667,0,0,0,0,0,0,0,0,0,0,0,0,0,0,0,0
20-11-2018,Away,Poland,Portugal,D,0,0.083333333,0,0.166666667,0,0,0,0,0,0,0,0,0,0,0,0,0,0,0,1
20-11-2018,Away,Saudi Arabia,Jordan,D,0.1,0,0,0.1,0,0,0,0,0,0,0,0,0,0,0,0,0,0,0,1
20-11-2018,Away,United States,Italy,L,0,0,0,0.2,0,0,0,0,0,0,0,0,0,0,0,0,0,0,0,0
20-11-2018,Away,Wales,Albania,L,0,0,0,0.285714286,0,0,0,0,0,0,0,0,0,0,0,0,0,0,0,0
20-11-2018,Home,Argentina,Mexico,W,0,0,0,0,0,0,0,0,0,0,0,0,0,0,0,0,0,0,0,2
20-11-2018,Home,Australia,Lebanon,W,0.166666667,0,0,0,0,0,0,0,0,0,0,0,0,0,0,0,0,0,0,3
20-11-2018,Home,France,Uruguay,W,0,0.1,0,0.1,0,0,0,0,0,0,0,0,0,0,0,0,0,0,0,1
20-11-2018,Home,Iran,Venezuela,D,0,0,0,0.111111111,0,0,0,0,0,0,0,0,0,0,0,0,0,0,0,1
20-11-2018,Home,Tunisia,Morocco,L,0,0,0,0.111111111,0,0,0,0,0,0,0,0,0,0,0,0,0,0,0,0
24-12-2018,Neutral,Iran,Palestine,D,0,0,0,0.083333333,0,0,0,0,0,0,0,0,0,0,0,0,0,0,0,1
30-12-2018,Neutral,Australia,Oman,W,0.111111111,0,0,0,0,0,0,0,0,0,0,0,0,0,0,0,0,0,0,5
31-12-2018,Away,Iran,Qatar,W,0,0,0,0.117647059,0,0,0,0,0,0,0,0,0,0,0,0,0,0,0,2
31-12-2018,Neutral,Saudi Arabia,Korea Republic,D,0,0,0,0.125,0,0,0,0,0,0,0,0,0,0,0,0,0,0,0,0
06-01-2019,Neutral,Australia,Jordan,L,0,0,0.222222222,0.111111111,0,0,0,0.666666667,0,0,0,0,0.111111111,0,0,0,0,0,0,0
07-01-2019,Neutral,Iran,Yemen,W,0.166666667,0,0.444444444,0.055555556,0,0,0,0.333333333,0,0,0,0,0,0,0,0,0,0,0,5
08-01-2019,Neutral,Saudi Arabia,Korea Republic,W,0,0,0.555555556,0.111111111,0,0,0,0.444444444,0,0,0,0,0,0,0,0,0,0,0,4
11-01-2019,Neutral,Australia,Palestine,W,0,0,0.444444444,0.111111111,0,0,0,0.111111111,0,0,0,0,0,0,0,0,0,0,0,3
12-01-2019,Neutral,Iran,Vietnam,W,0.111111111,0,0.277777778,0.111111111,0,0,0,0.333333333,0,0,0,0,0,0,0,0,0,0,0,2
12-01-2019,Neutral,Saudi Arabia,Lebanon,W,0.125,0,0.5,0.125,0,0,0,0.5,0,0,0,0,0,0,0,0,0,0,0,2
15-01-2019,Neutral,Australia,Syria,W,0,0,0.571428571,0,0,0,0,0.428571429,0,0,0,0.285714286,0.142857143,0,0,0,0,0,0,3
16-01-2019,Neutral,Iran,Iraq,D,0,0,0.055555556,0.111111111,0,0,0,0.166666667,0,0,0,0,0,0,0,0,0,0,0,0
17-01-2019,Neutral,Saudi Arabia,Qatar,L,0,0,0.142857143,0.142857143,0,0,0,0.285714286,0,0,0,0,0,0,0,0,0,0,0,0
20-01-2019,Neutral,Iran,Oman,W,0,0,0.166666667,0.111111111,0,0,0,0.777777778,0,0,0,0,0,0,0,0,0,0,0,2
21-01-2019,Neutral,Australia,Uzbekistan,D,0,0,0.555555556,0.111111111,0,0,0,1.888888889,0,0,0,0,0,0,0,0,0,0,0,0
21-01-2019,Neutral,Saudi Arabia,Japan,L,0,0,0.111111111,0.222222222,0,0,0,0.333333333,0,0,0,0,0,0,0,0,0,0,0,0
24-01-2019,Neutral,Iran,China,W,0.117647059,0,0.411764706,0.058823529,0,0,0,0.529411765,0,0,0,0,0,0,0,0,0,0,0,3
25-01-2019,Neutral,Australia,UAE,L,0,0,0,0.111111111,0,0,0,0.333333333,0,0,0,0.111111111,0,0,0,0,0,0,0,0
27-01-2019,Home,United States,Panama,W,0,0,0,0,0,0,0,0,0,0,0,0,0,0,0,0,0,0,0,3
28-01-2019,Neutral,Iran,Japan,L,0,0,0.176470588,0.117647059,0,0,0,0.529411765,0,0,0,0,0,0,0,0,0,0,0,0
02-02-2019,Away,Costa Rica,United States,L,0,0,0,0.333333333,0,0,0,0,0,0,0,0,0,0,0,0,0,0,0,0
02-02-2019,Home,United States,Costa Rica,W,0,0,0,0.25,0,0,0,0,0,0,0,0,0,0,0,0,0,0,0,2
20-03-2019,Home,Wales,Trin and Tobago,W,0,0,0,0,0,0,0,0,0,0,0,0,0,0,0,0,0,0,0,1
21-03-2019,Away,Denmark,Kosovo,D,0.083333333,0.083333333,0,0.083333333,0,0,0,0,0,0,0,0,0,0,0,0,0,0,0,2
21-03-2019,Away,Poland,Austria,W,0.0625,0,0.3125,0.0625,0,0,0,0.875,0,0,0,0.1875,0,0,0,0,0,0,0,1
21-03-2019,Home,Netherlands,Belarus,W,0.181818182,0.090909091,0.454545455,0.090909091,0,0,0,0.272727273,0,0,0,0,0,0,0,0,0,0,0,4
21-03-2019,Home,United States,Ecuador,W,0.1,0,0,0,0,0,0,0,0,0,0,0,0,0,0,0,0,0,0,1
22-03-2019,Away,Costa Rica,Guatemala,L,0,0,0,0.111111111,0,0,0,0,0,0,0,0,0,0,0,0,0,0,0,0
22-03-2019,Away,France,Moldova,W,0.125,0,1,0.25,0,0,0,0.125,0,0,0,0,0,0,0,0,0,0,0,4
22-03-2019,Home,Argentina,Venezuela,L,0,0,0,0.1,0,0,0,0,0,0,0,0,0,0,0,0,0,0,0,1
22-03-2019,Home,England,Czech Republic,W,0,0.1,0.5,0,0,0,0,0.4,0,0,0,0,0,0,0,0,0,0,0,5
22-03-2019,Home,Tunisia,Eswatini,W,0.333333333,0,0,0,0,0,0,0,0,0,0,0,0,0,0,0,0,0,0,4
22-03-2019,Neutral,Mexico,Chile,W,0.090909091,0,0,0.181818182,0,0,0,0,0,0,0,0,0,0,0,0,0,0,0,3
23-03-2019,Home,Senegal,Madagascar,W,0,0,0,0,0,0,0,0,0,0,0,0,0,0,0,0,0,0,0,2
23-03-2019,Home,Spain,Norway,W,0.166666667,0,1,0,0,0,0,0.333333333,0,0,0,0,0,0,0,0,0,0,0,2
24-03-2019,Home,Netherlands,Germany,L,0.090909091,0,0.363636364,0.090909091,0,0,0,0.909090909,0,0,0,0,0,0,0,0,0,0,0,2
24-03-2019,Home,Poland,Latvia,W,0.066666667,0,0.533333333,0.133333333,0,0,0,0.266666667,0,0,0,0.4,0,0,0,0,0,0,0,2
24-03-2019,Home,Wales,Slovakia,W,0,0,0.333333333,0.083333333,0,0,0,0.75,0,0,0,0.083333333,0,0,0,0,0,0,0,1
25-03-2019,Away,England,Montenegro,W,0.222222222,0,0.222222222,0.111111111,0,0,0,0.333333333,0,0,0,0,0,0,0,0,0,0,0,5
25-03-2019,Home,France,Iceland,W,0.5,0,0.5,0.125,0,0,0,0.125,0,0,0,0,0,0,0,0,0,0,0,4
26-03-2019,Away,Argentina,Morocco,W,0,0,0,0,0,0,0,0,0,0,0,0,0,0,0,0,0,0,0,1
26-03-2019,Away,Denmark,Switzerland,D,0.083333333,0,0.166666667,0,0,0,0,0.416666667,0,0,0,0,0,0,0,0,0,0,0,3
26-03-2019,Away,Spain,Malta,W,0,0,1,0,0,0,0,0.333333333,0,0,0,0,0,0,0,0,0,0,0,2
26-03-2019,Away,Tunisia,Algeria,L,0,0,0,0.333333333,0,0,0,0,0,0,0,0,0,0,0,0,0,0,0,0
26-03-2019,Home,Costa Rica,Jamaica,W,0.125,0,0,0,0,0,0,0,0,0,0,0,0,0,0,0,0,0,0,1
26-03-2019,Home,Senegal,Mali,W,0.111111111,0,0,0,0,0,0,0,0,0,0,0,0,0,0,0,0,0,0,2
26-03-2019,Home,United States,Chile,D,0,0,0,0,0,0,0,0,0,0,0,0,0,0,0,0,0,0,0,1
26-03-2019,Neutral,Mexico,Paraguay,W,0.076923077,0,0,0.076923077,0,0,0,0,0,0,0,0,0,0,0,0,0,0,0,4
02-06-2019,Home,France,Bolivia,W,0.125,0,0,0,0,0,0,0,0,0,0,0,0,0,0,0,0,0,0,2
05-06-2019,Away,Costa Rica,Peru,L,0,0,0,0.125,0,0,0,0,0,0,0,0,0,0,0,0,0,0,0,0
05-06-2019,Home,Mexico,Venezuela,W,0.153846154,0,0,0.076923077,0,0,0,0,0,0,0,0,0,0,0,0,0,0,0,3
05-06-2019,Home,United States,Jamaica,L,0,0,0,0,0,0,0,0,0,0,0,0,0,0,0,0,0,0,0,0
06-06-2019,Home,Iran,Syria,W,0.235294118,0,0,0.058823529,0,0,0,0,0,0,0,0,0,0,0,0,0,0,0,5
06-06-2019,Neutral,England,Netherlands,L,0,0.083333333,0,0.083333333,0,0,0,0,0,0,0,0,0,0,0,0,0,0,0,1
06-06-2019,Neutral,Netherlands,England,W,0.181818182,0,0,0.181818182,0,0,0,0,0,0,0,0,0,0,0,0,0,0,0,3
07-06-2019,Away,Australia,Korea Republic,L,0,0,0,0,0,0,0,0,0,0,0,0,0,0,0,0,0,0,0,0
07-06-2019,Away,Poland,North Macedonia,W,0,0,0.142857143,0.142857143,0,0,0,0.928571429,0,0,0,0.357142857,0,0,0,0,0,0,0,1
07-06-2019,Away,Spain,Faroe Islands,W,0.125,0,0.5,0,0,0,0,0.25,0,0,0,0.125,0,0,0,0,0,0,0,4
07-06-2019,Home,Argentina,Nicaragua,W,0.153846154,0,0,0,0,0,0,0,0,0,0,0,0,0,0,0,0,0,0,5
07-06-2019,Home,Denmark,Ireland,D,0.083333333,0,0.166666667,0,0,0,0,0.333333333,0,0,0,0,0,0,0,0,0,0,0,1
07-06-2019,Home,Tunisia,Iraq,W,0,0,0,0,0,0,0,0,0,0,0,0,0,0,0,0,0,0,0,2
08-06-2019,Away,France,Turkey,L,0,0,0,0.111111111,0,0,0,0.888888889,0,0,0,0,0,0,0,0,0,0,0,0
08-06-2019,Away,Wales,Croatia,L,0,0,0.2,0.066666667,0,0,0,0.266666667,0,0,0,0,0,0,0,0,0,0,0,1
09-06-2019,Home,Mexico,Ecuador,W,0.076923077,0,0,0,0,0,0,0,0,0,0,0,0,0,0,0,0,0,0,3
09-06-2019,Home,United States,Venezuela,L,0,0,0,0.142857143,0,0,0,0,0,0,0,0,0,0,0,0,0,0,0,0
09-06-2019,Neutral,England,Switzerland,D,0,0,0,0,0,0,0,0,0,0,0,0,0,0,0,0,0,0,0,0
09-06-2019,Neutral,Netherlands,Portugal,L,0,0,0,0.181818182,0,0,0,0,0,0,0,0,0,0,0,0,0,0,0,0
10-06-2019,Home,Denmark,Georgia,W,0.166666667,0.083333333,0.666666667,0,0,0,0,0.25,0,0,0,0,0,0,0,0,0,0,0,5
10-06-2019,Home,Poland,Israel,W,0.142857143,0.071428571,0.214285714,0.071428571,0,0,0,0.5,0,0,0,0.142857143,0,0,0,0,0,0,0,4
10-06-2019,Home,Spain,Sweden,W,0,0.125,0.125,0.125,0,0,0,0.25,0,0,0,0,0,0,0,0,0,0,0,3
11-06-2019,Away,France,Andorra,W,0.25,0,0.75,0,0,0,0,0.875,0,0,0,0.125,0,0,0,0,0,0,0,4
11-06-2019,Away,Iran,Korea Republic,D,0,0,0,0,0,0,0,0,0,0,0,0,0,0,0,0,0,0,0,1
11-06-2019,Away,Tunisia,Croatia,W,0.1,0.1,0,0,0,0,0,0,0,0,0,0,0,0,0,0,0,0,0,2
11-06-2019,Away,Wales,Hungary,L,0,0,0.142857143,0.142857143,0,0,0,0.714285714,0,0,0,0.071428571,0,0,0,0,0,0,0,0
15-06-2019,Home,Mexico,Cuba,W,0.083333333,0,0.666666667,0,0,0,0,0.333333333,0,0,0,0.25,0.166666667,0,0,0,0,0,0,7
15-06-2019,Neutral,Argentina,Colombia,L,0,0,0.615384615,0.153846154,0,39.76923077,0.923076923,0.769230769,1,59.47692308,0.615384615,0,0,0,0,0,2,1,1,0
16-06-2019,Home,Costa Rica,Nicaragua,W,0.125,0,0.5,0.125,0,0,0,1.5,0,0,0,0,0,0,0,0,0,0,0,4
17-06-2019,Home,Tunisia,Burundi,W,0,0,0,0,0,0,0,0,0,0,0,0,0,0,0,0,0,0,0,2
18-06-2019,Home,United States,Guyana,W,0.125,0,0.125,0,0,0,0,0.5,0,0,0,0.25,0,0,0,0,0,0,0,4
19-06-2019,Home,Mexico,Canada,W,0.083333333,0,0.25,0,0,0,0,0.5,0,0,0,0.166666667,0.083333333,0,0,0,0,0,0,3
19-06-2019,Neutral,Argentina,Paraguay,D,0,0.153846154,0.153846154,0.230769231,0,34.23076923,0.615384615,0.307692308,0.076923077,53.29230769,1.384615385,0,0,0,0,0,0,0,0,1
20-06-2019,Home,Costa Rica,Bermuda,W,0.125,0,0.375,0.25,0,0,0,0.625,0,0,0,0,0,0,0,0,0,0,0,2
22-06-2019,Home,United States,Trin and Tobago,W,0.5,0,0.5,0.125,0,0,0,0.75,0,0,0,0,0,0,0,0,0,0,0,6
23-06-2019,Away,Mexico,Martinique,W,0.083333333,0,0.333333333,0.083333333,0,0,0,0.083333333,0,0,0,0,0,0,0,0,0,0,0,3
23-06-2019,Neutral,Argentina,Qatar,W,0.076923077,0,0.153846154,0.076923077,0,40.76923077,0.923076923,0.615384615,0.307692308,71.62307692,0.846153846,0,0,0,25,0,0,1,0,2
23-06-2019,Neutral,Senegal,Tanzania,W,0.111111111,0,0.666666667,0,0,0,0,0.888888889,0,0,0,0,0,0,0,0,0,0,0,2
24-06-2019,Away,Costa Rica,Haiti,L,0,0,0.125,0,0,0,0,0.5,0,0,0,0,0,0,0,0,0,0,0,1
24-06-2019,Neutral,Tunisia,Angola,D,0,0.111111111,0.222222222,0.222222222,0,0,0,0.333333333,0,0,0,0,0,0,0,0,0,0,0,1
26-06-2019,Away,United States,Panama,W,0,0,0,0,0,0,0,0.25,0,0,0,0,0,0,0,0,0,0,0,1
27-06-2019,Neutral,Senegal,Algeria,L,0,0,0.111111111,0.111111111,0,0,0,0.333333333,0,0,0,0,0,0,0,0,0,0,0,0
28-06-2019,Neutral,Argentina,Venezuela,W,0,0,0.230769231,0.076923077,0,35.23076923,1.769230769,0.461538462,0.846153846,68.55384615,0.692307692,0,0,0,60,0,1,6,6,2
28-06-2019,Neutral,Tunisia,Mali,D,0,0,0.222222222,0.222222222,0,0,0,0.333333333,0,0,0,0,0,0,0,0,0,0,0,1
29-06-2019,Away,Costa Rica,Mexico,D,0,0.125,0.375,0.375,0,0,0,1.375,0,0,0,0,0,0,0,0,0,0,0,1
29-06-2019,Home,Mexico,Costa Rica,D,0,0,0.083333333,0,0,0,0,0.666666667,0,0,0,0.25,0,0,0,0,0,0,0,1
30-06-2019,Home,United States,Curacao,W,0.125,0,0.25,0,0,0,0,0.875,0,0,0,0.125,0,0,0,0,0,0,0,1
01-07-2019,Neutral,Senegal,Kenya,W,0,0,0.375,0,0,0,0,0.25,0,0,0,0,0,0,0,0,0,0,0,3
02-07-2019,Away,Mexico,Haiti,W,0,0,0.166666667,0.083333333,0,0,0,0.25,0,0,0,0,0.083333333,0,0,0,0,0,0,1
02-07-2019,Neutral,Argentina,Brazil,L,0,0,0.153846154,0.230769231,0,40.84615385,1.461538462,0.615384615,0.307692308,76.44615385,1.923076923,0,0,0,0,0,1,2,0,0
02-07-2019,Neutral,Tunisia,Mauritania,D,0,0,0,0.125,0,0,0,0,0,0,0,0,0,0,0,0,0,0,0,0
03-07-2019,Away,United States,Jamaica,W,0,0,0.75,0.125,0,0,0,0.375,0,0,0,0.125,0,0,0,0,0,0,0,3
05-07-2019,Neutral,Senegal,Uganda,W,0,0,0,0.111111111,0,0,0,0.555555556,0,0,0,0,0,0,0,0,0,0,0,1
06-07-2019,Neutral,Argentina,Chile,W,0.166666667,0,0.333333333,0.333333333,0.166666667,33.83333333,1.083333333,1.083333333,1.25,70.86666667,0.666666667,0,0,0,0,0,2,0,0,2
07-07-2019,Away,United States,Mexico,L,0,0,0.375,0,0,0,0,0.625,0,0,0,0,0,0,0,0,0,0,0,0
07-07-2019,Home,Mexico,United States,W,0,0,0.083333333,0,0,0,0,0.833333333,0,0,0,0,0,0,0,0,0,0,0,1
08-07-2019,Neutral,Tunisia,Ghana,D,0,0,0.444444444,0.222222222,0,0,0,1,0,0,0,0,0,0,0,0,0,0,0,1
10-07-2019,Neutral,Senegal,Benin,W,0,0,0.125,0,0,0,0,0.375,0,0,0,0,0,0,0,0,0,0,0,1
11-07-2019,Neutral,Tunisia,Madagascar,W,0.222222222,0,0.777777778,0,0,0,0,0.888888889,0,0,0,0,0,0,0,0,0,0,0,3
14-07-2019,Neutral,Senegal,Tunisia,W,0,0,0,0.125,0,0,0,0.875,0,0,0,0,0,0,0,0,0,0,0,1
14-07-2019,Neutral,Tunisia,Senegal,L,0,0.111111111,0.222222222,0.222222222,0,0,0,0.666666667,0,0,0,0,0,0,0,0,0,0,0,0
17-07-2019,Neutral,Tunisia,Nigeria,L,0,0,0,0.111111111,0,0,0,0.777777778,0,0,0,0,0,0,0,0,0,0,0,0
19-07-2019,Neutral,Senegal,Algeria,L,0,0,0.142857143,0.142857143,0,0,0,0.857142857,0,0,0,0,0,0,0,0,0,0,0,0
05-09-2019,Away,Denmark,Gibraltar,W,0.166666667,0.166666667,0.416666667,0.083333333,0,0,0,0.166666667,0,0,0,0,0,0,0,0,0,0,0,6
05-09-2019,Away,Spain,Romania,W,0.142857143,0,0.285714286,0,0.142857143,0,0,0.571428571,0,0,0,0.428571429,0,0,0,0,0,0,0,2
05-09-2019,Home,Saudi Arabia,Mali,D,0,0,0,0.166666667,0,0,0,0,0,0,0,0,0,0,0,0,0,0,0,1
05-09-2019,Neutral,Argentina,Chile,D,0,0,0,0.454545455,0,0,0,0,0,0,0,0,0,0,0,0,0,0,0,0
06-09-2019,Away,Mexico,United States,W,0.083333333,0,0,0.083333333,0,0,0,0,0,0,0,0,0,0,0,0,0,0,0,3
06-09-2019,Away,Netherlands,Germany,W,0.1,0,0.4,0.3,0,0,0,0.6,0,0,0,0,0,0,0,0,0,0,0,4
06-09-2019,Away,Poland,Slovenia,L,0,0,0.071428571,0.214285714,0,0,0,0.357142857,0,0,0,0.142857143,0,0,0,0,0,0,0,0
06-09-2019,Home,Costa Rica,Uruguay,L,0,0,0,0.125,0,0,0,0,0,0,0,0,0,0,0,0,0,0,0,1
06-09-2019,Home,Tunisia,Mauritania,W,0,0,0,0,0,0,0,0,0,0,0,0,0,0,0,0,0,0,0,1
06-09-2019,Home,United States,Mexico,L,0,0.1,0,0.1,0,0,0,0,0,0,0,0,0,0,0,0,0,0,0,0
06-09-2019,Home,Wales,Azerbaijan,W,0,0,0.055555556,0.111111111,0,0,0,0.388888889,0,0,0,0.055555556,0,0,0,0,0,0,0,2
07-09-2019,Home,England,Bulgaria,W,0.166666667,0.166666667,0.5,0,0,0,0,0.833333333,0,0,0,0,0,0,0,0,0,0,0,4
07-09-2019,Home,France,Albania,W,0.333333333,0.111111111,0.444444444,0,0,0,0,0.111111111,0,0,0,0,0,0,0,0,0,0,0,4
08-09-2019,Away,Denmark,Georgia,D,0,0,0.5,0,0,0,0,0.583333333,0,0,0,0,0,0,0,0,0,0,0,0
08-09-2019,Home,Spain,Faroe Islands,W,0.166666667,0,0.333333333,0,0,0,0,0,0,0,0,0,0,0,0,0,0,0,0,4
09-09-2019,Away,Netherlands,Estonia,W,0.3,0,0.3,0,0,0,0,0.4,0,0,0,0,0,0,0,0,0,0,0,4
09-09-2019,Home,Poland,Austria,D,0,0,0.133333333,0.066666667,0,0,0,0.6,0,0,0,0,0,0,0,0,0,0,0,0
09-09-2019,Home,Wales,Belarus,W,0.052631579,0,0,0,0,0,0,0,0,0,0,0,0,0,0,0,0,0,0,1
10-09-2019,Away,Australia,Kuwait,W,0.125,0,0,0.0625,0,0,0,0,0,0,0,0,0,0,0,0,0,0,0,3
10-09-2019,Away,Iran,Hong Kong,W,0.133333333,0,0,0,0,0,0,0,0,0,0,0,0,0,0,0,0,0,0,2
10-09-2019,Away,Mexico,Argentina,L,0,0,0,0.166666667,0,0,0,0,0,0,0,0,0,0,0,0,0,0,0,0
10-09-2019,Away,Saudi Arabia,Yemen,D,0,0,0,0,0,0,0,0,0,0,0,0,0,0,0,0,0,0,0,2
10-09-2019,Home,Argentina,Mexico,W,0.2,0.1,0,0.3,0,0,0,0,0,0,0,0,0,0,0,0,0,0,0,4
10-09-2019,Home,England,Kosovo,W,0.25,0.083333333,0.666666667,0,0,0,0,1.083333333,0,0,0,0,0,0,0,0,0,0,0,5
10-09-2019,Home,France,Andorra,W,0.111111111,0.111111111,0.777777778,0,0,0,0,0,0,0,0,0,0,0,0,0,0,0,0,3
10-09-2019,Home,Tunisia,Ivory Coast,L,0,0,0,0,0,0,0,0,0,0,0,0,0,0,0,0,0,0,0,1
10-09-2019,Home,United States,Uruguay,D,0,0,0,0,0,0,0,0,0,0,0,0,0,0,0,0,0,0,0,1
02-10-2019,Home,Mexico,Trin and Tobago,W,0,0,0,0,0,0,0,0,0,0,0,0,0,0,0,0,0,0,0,2
09-10-2019,Away,Argentina,Germany,D,0.090909091,0,0,0.181818182,0,0,0,0,0,0,0,0,0,0,0,0,0,0,0,2
10-10-2019,Away,Poland,Latvia,W,0.176470588,0,0.411764706,0,0,0,0,1.176470588,0,0,0,0.117647059,0,0,0,0,0,0,0,3
10-10-2019,Away,Senegal,Brazil,D,0,0.125,0,0.25,0,0,0,0,0,0,0,0,0,0,0,0,0,0,0,1
10-10-2019,Away,Wales,Slovakia,D,0.0625,0,0.375,0.25,0,0,0,0.625,0,0,0,0.0625,0.0625,0,0,0,0,0,0,1
10-10-2019,Home,Australia,Nepal,W,0.2,0,0,0,0,0,0,0,0,0,0,0,0,0,0,0,0,0,0,5
10-10-2019,Home,Iran,Cambodia,W,0.615384615,0,0,0.076923077,0,0,0,0,0,0,0,0,0,0,0,0,0,0,0,1
10-10-2019,Home,Netherlands,Ireland,W,0.083333333,0,0.416666667,0.083333333,0,0,0,0.166666667,0,0,0,0,0,0,0,0,0,0,0,3
10-10-2019,Home,Saudi Arabia,Singapore,W,0.083333333,0,0,0,0,0,0,0,0,0,0,0,0,0,0,0,0,0,0,3
11-10-2019,Away,England,Czech Republic,L,0,0.090909091,0.363636364,0.181818182,0,0,0,0.545454545,0,0,0,0,0,0,0,0,0,0,0,1
11-10-2019,Away,France,Iceland,W,0,0.125,0.5,0.25,0,0,0,0.125,0,0,0,0,0,0,0,0,0,0,0,1
12-10-2019,Away,Spain,Norway,D,0.2,0,0,0.2,0,0,0,0.8,0,0,0,0,0,0,0,0,0,0,0,1
12-10-2019,Home,Denmark,Switzerland,W,0.076923077,0,0.076923077,0,0,0,0,0.384615385,0,0,0,0,0,0,0,0,0,0,0,1
12-10-2019,Home,Tunisia,Cameroon,D,0,0.111111111,0,0.111111111,0,0,0,0,0,0,0,0,0,0,0,0,0,0,0,0
13-10-2019,Away,Netherlands,Belarus,W,0.090909091,0,0,0,0,0,0,0.727272727,0,0,0,0,0,0,0,0,0,0,0,2
13-10-2019,Home,Argentina,Ecuador,W,0.3,0.1,0,0.2,0,0,0,0,0,0,0,0,0,0,0,0,0,0,0,6
13-10-2019,Home,Poland,North Macedonia,W,0.117647059,0,0.235294118,0.176470588,0,0,0,0.470588235,0,0,0,0.235294118,0,0,0,0,0,0,0,2
13-10-2019,Home,Wales,Croatia,D,0.0625,0,0.1875,0.1875,0,0,0,0.4375,0,0,0,0,0,0,0,0,0,0,0,1
14-10-2019,Away,England,Bulgaria,W,0.333333333,0,0.833333333,0.083333333,0,0,0,0.666666667,0,0,0,0,0,0,0,0,0,0,0,6
14-10-2019,Home,France,Turkey,D,0.125,0,0.5,0.25,0,0,0,0.125,0,0,0,0,0,0,0,0,0,0,0,1
15-10-2019,Away,Australia,Chinese Taipei,W,0.266666667,0,0,0,0,0,0,0,0,0,0,0,0,0,0,0,0,0,0,7
15-10-2019,Away,Iran,Bahrain,L,0,0,0,0.142857143,0,0,0,0,0,0,0,0,0,0,0,0,0,0,0,0
15-10-2019,Away,Saudi Arabia,Palestine,D,0,0,0,0,0,0,0,0,0,0,0,0,0,0,0,0,0,0,0,0
15-10-2019,Away,Spain,Sweden,D,0,0,0.333333333,0.166666667,0,0,0,0.333333333,0,0,0,0,0,0,0,0,0,0,0,1
15-10-2019,Home,Denmark,Luxembourg,W,0.090909091,0,0,0,0,0,0,0,0,0,0,0,0,0,0,0,0,0,0,4
13-11-2019,Home,Senegal,Congo,W,0.111111111,0,0,0.111111111,0,0,0,0,0,0,0,0,0,0,0,0,0,0,0,2
14-11-2019,Away,Australia,Jordan,W,0.066666667,0,0,0,0,0,0,0,0,0,0,0,0,0,0,0,0,0,0,1
14-11-2019,Away,Iran,Iraq,L,0,0,0,0.066666667,0,0,0,0,0,0,0,0,0,0,0,0,0,0,0,1
14-11-2019,Away,Saudi Arabia,Uzbekistan,W,0,0.076923077,0,0.076923077,0,0,0,0,0,0,0,0,0,0,0,0,0,0,0,3
14-11-2019,Home,England,Montenegro,W,0.181818182,0,0.818181818,0,0,0,0,0.454545455,0,0,0,0,0,0,0,0,0,0,0,7
14-11-2019,Home,France,Moldova,W,0,0.111111111,0.555555556,0,0,0,0,0.666666667,0,0,0,0,0,0,0,0,0,0,0,2
15-11-2019,Away,Argentina,Brazil,W,0,0,0,0.25,0,0,0,0,0,0,0,0,0,0,0,0,0,0,0,1
15-11-2019,Home,Denmark,Gibraltar,W,0.166666667,0,0.25,0,0,0,0,0.5,0,0,0,0,0,0,0,0,0,0,0,6
15-11-2019,Home,Spain,Malta,W,0,0,0.857142857,0,0,0,0,0.142857143,0,0,0,0,0,0,0,0,0,0,0,7
15-11-2019,Home,Tunisia,Libya,W,0.222222222,0.111111111,0,0,0,0,0,0,0,0,0,0,0,0,0,0,0,0,0,4
16-11-2019,Away,Netherlands,Ireland,D,0,0,0.1,0.1,0,0,0,0.2,0,0,0,0,0,0,0,0,0,0,0,0
16-11-2019,Away,Poland,Israel,W,0,0,0.6875,0,0,0,0,0.875,0,0,0,0,0.0625,0,0,0,0,0,0,2
16-11-2019,Away,Wales,Azerbaijan,W,0.064516129,0,0.580645161,0.193548387,0,0,0,0.451612903,0,0,0,0,0,0,0,0,0,0,0,2
17-11-2019,Away,England,Kosovo,W,0.166666667,0,0.333333333,0,0,0,0,0.166666667,0,0,0,0,0,0,0,0,0,0,0,4
17-11-2019,Away,France,Albania,W,0.125,0,0.375,0,0,0,0,0.5,0,0,0,0,0,0,0,0,0,0,0,2
17-11-2019,Away,Senegal,Eswatini,W,0.25,0.125,0,0,0,0,0,0,0,0,0,0,0,0,0,0,0,0,0,4
18-11-2019,Away,Denmark,Ireland,D,0,0,0.166666667,0.083333333,0,0,0,0.333333333,0,0,0,0,0,0,0,0,0,0,0,1
18-11-2019,Home,Argentina,Uruguay,D,0.181818182,0.181818182,0,0.090909091,0,0,0,0,0,0,0,0,0,0,0,0,0,0,0,2
18-11-2019,Home,Spain,Romania,W,0.285714286,0,0.285714286,0.142857143,0,0,0,0.285714286,0,0,0,0,0,0,0,0,0,0,0,5
19-11-2019,Away,Tunisia,Equatorial Guinea ,W,0,0,0,0.333333333,0,0,0,0,0,0,0,0,0,0,0,0,0,0,0,1
19-11-2019,Home,Netherlands,Estonia,W,0.1,0,0.4,0,0,0,0,0.1,0,0,0,0,0,0,0,0,0,0,0,5
19-11-2019,Home,Poland,Slovenia,W,0.071428571,0,0.428571429,0.214285714,0,0,0,0.642857143,0,0,0,0.214285714,0.071428571,0,0,0,0,0,0,3
19-11-2019,Home,Saudi Arabia,Paraguay,D,0,0,0,0.111111111,0,0,0,0,0,0,0,0,0,0,0,0,0,0,0,0
19-11-2019,Home,Wales,Hungary,W,0.129032258,0,0.225806452,0.129032258,0,0,0,0.903225806,0,0,0,0.129032258,0,0,0,0,0,0,0,2
01-02-2020,Away,Costa Rica,United States,L,0,0,0,0,0,0,0,0,0,0,0,0,0,0,0,0,0,0,0,0
01-02-2020,Home,United States,Costa Rica,W,0,0,0,0,0,0,0,0,0,0,0,0,0,0,0,0,0,0,0,1
03-09-2020,Away,Spain,Germany,D,0,0,0.222222222,0,0,0,0,0.666666667,0,0,0,0,0,0,0,0,0,0,0,1
03-09-2020,Away,Wales,Finland,W,0.055555556,0,0.055555556,0.222222222,0,0,0,0.722222222,0,0,0,0.111111111,0,0,0,0,0,0,0,1
04-09-2020,Away,Poland,Netherlands,L,0,0,0.071428571,0.285714286,0,0,0,1.357142857,0,0,0,0.285714286,0.071428571,0,0,0,0,0,0,0
04-09-2020,Home,Netherlands,Poland,W,0,0,0.428571429,0.428571429,0,0,0,1,0,0,0,0,0,0,0,0,0,0,0,1
05-09-2020,Away,England,Iceland,W,0,0.071428571,0.285714286,0.142857143,0.071428571,0,0,0.214285714,0,0,0,0,0,0,0,0,0,0,0,1
05-09-2020,Away,France,Sweden,W,0,0.1,0.1,0.1,0,0,0,0.7,0,0,0,0,0,0,0,0,0,0,0,1
05-09-2020,Home,Denmark,Belgium,L,0,0,0.083333333,0.083333333,0,0,0,1.416666667,0,0,0,0,0,0,0,0,0,0,0,0
06-09-2020,Home,Spain,Ukraine,W,0,0,0.111111111,0.111111111,0,0,0,0.111111111,0,0,0,0,0,0,0,0,0,0,0,4
06-09-2020,Home,Wales,Bulgaria,W,0.055555556,0,0.166666667,0.111111111,0,0,0,0.5,0,0,0,0.222222222,0,0,0,0,0,0,0,1
07-09-2020,Away,Poland,Bosnia and Herzegovina,W,0.071428571,0,0.357142857,0.142857143,0,0,0,0.5,0,0,0,0.071428571,0,0,0,0,0,0,0,2
07-09-2020,Home,Netherlands,Italy,L,0,0,0.125,0.125,0,0,0,0.75,0,0,0,0,0,0,0,0,0,0,0,0
08-09-2020,Away,England,Denmark,D,0,0,0.166666667,0,0,0,0,0.666666667,0,0,0,0,0,0,0,0,0,0,0,0
08-09-2020,Home,Denmark,England,D,0,0,0.166666667,0.083333333,0,0,0,0.25,0,0,0,0,0,0,0,0,0,0,0,0
08-09-2020,Home,France,Croatia,W,0.111111111,0.111111111,0.555555556,0,0,0,0,0.666666667,0,0,0,0,0,0,0,0,0,0,0,4
30-09-2020,Home,Mexico,Guatemala,W,0.142857143,0,0,0,0,0,0,0,0,0,0,0,0,0,0,0,0,0,0,3
07-10-2020,Away,Mexico,Netherlands,W,0,0,0,0.076923077,0,0,0,0,0,0,0,0,0,0,0,0,0,0,0,1
07-10-2020,Away,Spain,Portugal,D,0,0,0,0,0,0,0,0,0,0,0,0,0,0,0,0,0,0,0,0
07-10-2020,Home,Denmark,Faroe Islands,W,0.181818182,0.090909091,0,0,0,0,0,0,0,0,0,0,0,0,0,0,0,0,0,4
07-10-2020,Home,France,Ukraine,W,0.090909091,0,0,0,0,0,0,0,0,0,0,0,0,0,0,0,0,0,0,7
07-10-2020,Home,Netherlands,Mexico,L,0,0,0,0,0,0,0,0,0,0,0,0,0,0,0,0,0,0,0,0
07-10-2020,Home,Poland,Finland,W,0.076923077,0,0,0,0,0,0,0,0,0,0,0,0,0,0,0,0,0,0,5
08-10-2020,Away,Iran,Uzbekistan,W,0.066666667,0.066666667,0,0.066666667,0,0,0,0,0,0,0,0,0,0,0,0,0,0,0,2
08-10-2020,Away,Wales,England,L,0,0,0,0.166666667,0,0,0,0,0,0,0,0,0,0,0,0,0,0,0,0
08-10-2020,Home,Argentina,Ecuador,W,0,0.142857143,0.142857143,0.142857143,0,0,0,1.142857143,0,0,0,0,0,0,0,0,0,0,0,1
08-10-2020,Home,England,Wales,W,0.166666667,0,0,0,0,0,0,0,0,0,0,0,0,0,0,0,0,0,0,3
09-10-2020,Away,Senegal,Morocco,L,0,0.111111111,0,0.111111111,0,0,0,0,0,0,0,0,0,0,0,0,0,0,0,1
09-10-2020,Home,Tunisia,Sudan,W,0.142857143,0,0,0.071428571,0,0,0,0,0,0,0,0,0,0,0,0,0,0,0,3
10-10-2020,Home,Costa Rica,Panama,L,0,0,0,0,0,0,0,0,0,0,0,0,0,0,0,0,0,0,0,0
10-10-2020,Home,Spain,Switzerland,W,0,0,0.125,0,0,0,0,0.375,0,0,0,0,0,0,0,0,0,0,0,1
11-10-2020,Away,Denmark,Iceland,W,0,0,0.230769231,0,0,0,0,0.384615385,0,0,0,0,0,0,0,0,0,0,0,3
11-10-2020,Away,Netherlands,Bosnia and Herzegovina,D,0,0,0.3,0.1,0,0,0,1,0,0,0,0,0,0,0,0,0,0,0,0
11-10-2020,Away,Wales,Ireland,D,0,0,0.057142857,0.114285714,0,0,0,0.828571429,0,0,0,0,0,0,0,0,0,0,0,0
11-10-2020,Home,England,Belgium,W,0,0.066666667,0.133333333,0.066666667,0,0,0,0.466666667,0,0,0,0,0,0,0,0,0,0,0,2
11-10-2020,Home,France,Portugal,D,0,0,0.153846154,0,0,0,0,0.615384615,0,0,0,0,0,0,0,0,0,0,0,0
11-10-2020,Home,Poland,Italy,D,0,0,0,0.142857143,0,0,0,0.785714286,0,0,0,0.142857143,0.071428571,0,0,0,0,0,0,0
13-10-2020,Away,Argentina,Bolivia,W,0,0,0,0.142857143,0,0,0,0.785714286,0,0,0,0,0,0,0,0,0,0,0,2
13-10-2020,Away,Spain,Ukraine,L,0,0,0.142857143,0,0,0,0,0.142857143,0,0,0,0,0,0,0,0,0,0,0,0
13-10-2020,Away,Tunisia,Nigeria,D,0,0,0,0.166666667,0,0,0,0,0,0,0,0,0,0,0,0,0,0,0,1
13-10-2020,Home,Costa Rica,Panama,L,0,0,0,0,0,0,0,0,0,0,0,0,0,0,0,0,0,0,0,0
13-10-2020,Home,Mexico,Algeria,D,0,0,0,0.076923077,0,0,0,0,0,0,0,0,0,0,0,0,0,0,0,2
14-10-2020,Away,Denmark,England,W,0,0.083333333,0.166666667,0.166666667,0,0,0,0.083333333,0,0,0,0,0,0,0,0,0,0,0,1
14-10-2020,Away,France,Croatia,W,0,0,0.166666667,0,0,0,0,0.25,0,0,0,0.083333333,0,0,0,0,0,0,0,2
14-10-2020,Away,Netherlands,Italy,D,0,0,0.3,0,0,0,0,0.3,0,0,0,0,0,0,0,0,0,0,0,1
14-10-2020,Away,Wales,Bulgaria,W,0.057142857,0,0.171428571,0.228571429,0,0,0,0.571428571,0,0,0,0.114285714,0.057142857,0,0,0,0,0,0,1
14-10-2020,Home,England,Denmark,L,0,0,0.214285714,0.285714286,0.071428571,0,0,0.285714286,0,0,0,0,0,0,0,0,0,0,0,0
14-10-2020,Home,Poland,Bosnia and Herzegovina,W,0.133333333,0,0.533333333,0.133333333,0,0,0,0.466666667,0,0,0,0.133333333,0.133333333,0,0,0,0,0,0,3
11-11-2020,Away,Spain,Netherlands,D,0.090909091,0,0,0,0,0,0,0,0,0,0,0,0,0,0,0,0,0,0,1
11-11-2020,Home,Denmark,Sweden,W,0.1,0,0,0,0,0,0,0,0,0,0,0,0,0,0,0,0,0,0,2
11-11-2020,Home,France,Finland,L,0,0,0,0,0,0,0,0,0,0,0,0,0,0,0,0,0,0,0,0
11-11-2020,Home,Netherlands,Spain,D,0,0,0,0,0,0,0,0,0,0,0,0,0,0,0,0,0,0,0,1
11-11-2020,Home,Poland,Ukraine,W,0.066666667,0,0,0,0,0,0,0,0,0,0,0,0,0,0,0,0,0,0,2
11-11-2020,Home,Senegal,Guinea-Bissau,W,0,0,0,0.090909091,0,0,0,0,0,0,0,0,0,0,0,0,0,0,0,2
12-11-2020,Away,Iran,Bosnia and Herzegovina,W,0.133333333,0,0,0.066666667,0,0,0,0,0,0,0,0,0,0,0,0,0,0,0,2
12-11-2020,Away,United States,Wales,D,0,0,0,0.111111111,0,0,0,0,0,0,0,0,0,0,0,0,0,0,0,0
12-11-2020,Home,Argentina,Paraguay,D,0,0,0.25,0.166666667,0,0,0,0.666666667,0,0,0,0,0,0,0,0,0,0,0,1
12-11-2020,Home,England,Ireland,W,0.083333333,0,0,0,0,0,0,0,0,0,0,0,0,0,0,0,0,0,0,3
12-11-2020,Home,Wales,United States,D,0,0,0,0,0,0,0,0,0,0,0,0,0,0,0,0,0,0,0,0
13-11-2020,Away,Costa Rica,Qatar,D,0.111111111,0,0,0.222222222,0,0,0,0,0,0,0,0,0,0,0,0,0,0,0,1
13-11-2020,Home,Tunisia,Tanzania,W,0,0.083333333,0,0,0,0,0,0,0,0,0,0,0,0,0,0,0,0,0,1
14-11-2020,Away,France,Portugal,W,0.1,0,0.2,0.2,0,0,0,0.6,0,0,0,0,0,0,0,0,0,0,0,1
14-11-2020,Away,Spain,Switzerland,D,0,0,0,0,0,0,0,0.875,0,0,0,0,0,0,0,0,0,0,0,1
14-11-2020,Home,Saudi Arabia,Jamaica,W,0,0.090909091,0,0.090909091,0,0,0,0,0,0,0,0,0,0,0,0,0,0,0,3
14-11-2020,Neutral,Mexico,Korea Republic,W,0.214285714,0,0,0,0,0,0,0,0,0,0,0,0,0,0,0,0,0,0,3
15-11-2020,Away,England,Belgium,L,0,0,0.230769231,0,0,0,0,0.923076923,0,0,0,0,0,0,0,0,0,0,0,0
15-11-2020,Away,Poland,Italy,L,0,0,0,0.066666667,0,0,0,0.733333333,0,0,0,0.2,0,0,0,0,0,0,0,0
15-11-2020,Away,Senegal,Guinea-Bissau,W,0,0,0,0.1,0,0,0,0,0,0,0,0,0,0,0,0,0,0,0,1
15-11-2020,Home,Denmark,Iceland,W,0,0.166666667,0.25,0.083333333,0,0,0,0.333333333,0,0,0,0,0,0,0,0,0,0,0,2
15-11-2020,Home,Netherlands,Bosnia and Herzegovina,W,0.375,0,0.75,0.125,0,0,0,0.875,0,0,0,0,0,0,0,0,0,0,0,3
15-11-2020,Home,Wales,Ireland,W,0.066666667,0,0.133333333,0.2,0,0,0,1,0,0,0,0,0,0,0,0,0,0,0,1
16-11-2020,Home,United States,Panama,W,0,0,0,0.111111111,0,0,0,0,0,0,0,0,0,0,0,0,0,0,0,6
17-11-2020,Away,Argentina,Peru,W,0.090909091,0,0.090909091,0.090909091,0,0,0,1.181818182,0,0,0,0,0,0,0,0,0,0,0,2
17-11-2020,Away,Tunisia,Tanzania,D,0.083333333,0,0,0.25,0,0,0,0,0,0,0,0,0,0,0,0,0,0,0,1
17-11-2020,Home,France,Sweden,W,0.181818182,0,0.727272727,0,0,0,0,0.636363636,0,0,0,0,0,0,0,0,0,0,0,4
17-11-2020,Home,Saudi Arabia,Jamaica,L,0.111111111,0,0,0.333333333,0,0,0,0,0,0,0,0,0,0,0,0,0,0,0,1
17-11-2020,Home,Spain,Germany,W,0.2,0,0.7,0,0,0,0,0.5,0,0,0,0,0,0,0,0,0,0,0,6
17-11-2020,Neutral,Mexico,Japan,W,0.076923077,0,0,0.230769231,0,0,0,0,0,0,0,0,0,0,0,0,0,0,0,2
18-11-2020,Away,Denmark,Belgium,L,0.076923077,0,0.153846154,0,0,0,0,1.615384615,0,0,0,0,0,0,0,0,0,0,0,2
18-11-2020,Away,Netherlands,Poland,W,0.125,0.125,0.5,0,0,0,0,1.25,0,0,0,0,0,0,0,0,0,0,0,2
18-11-2020,Home,England,Iceland,W,0.076923077,0,0.769230769,0.076923077,0,0,0,0.692307692,0,0,0,0,0,0,0,0,0,0,0,4
18-11-2020,Home,Poland,Netherlands,L,0,0,0,0.125,0,0,0,0.5625,0,0,0,0.375,0.0625,0,0,0,0,0,0,1
18-11-2020,Home,Wales,Finland,W,0.2,0,0.666666667,0.066666667,0,0,0,0.8,0,0,0,0,0,0,0,0,0,0,0,3
09-12-2020,Home,United States,El Salvador,W,0.25,0,0,0,0,0,0,0,0,0,0,0,0,0,0,0,0,0,0,6
31-01-2021,Home,United States,Trin and Tobago,W,0.833333333,0,0,0,0,0,0,0,0,0,0,0,0,0,0,0,0,0,0,7
24-03-2021,Away,Netherlands,Turkey,L,0.1,0.1,0.6,0,0,0,0,0.7,0,0,0,0,0,0,0,0,0,0,0,2
24-03-2021,Away,Wales,Belgium,L,0.055555556,0,0.055555556,0,0,0,0,1.222222222,0,0,0,0,0,0,0,0,0,0,0,1
24-03-2021,Home,France,Ukraine,D,0,0,0.181818182,0.090909091,0,0,0,0.636363636,0,0,0,0,0,0,0,0,0,0,0,1
25-03-2021,Away,Denmark,Israel,W,0,0,0.3125,0.125,0,0,0,0.75,0,0,0,0,0,0,0,0,0,0,0,2
25-03-2021,Away,Poland,Hungary,D,0.214285714,0,0.142857143,0.071428571,0,0,0,0.5,0,0,0,0.142857143,0.142857143,0,0,0,0,0,0,3
25-03-2021,Away,Tunisia,Libya,W,0.454545455,0,0,0.181818182,0,0,0,0,0,0,0,0,0,0,0,0,0,0,0,5
25-03-2021,Home,England,San Marino,W,0.142857143,0,0.285714286,0,0,0,0,0.071428571,0,0,0,0,0,0,0,0,0,0,0,5
25-03-2021,Home,Saudi Arabia,Kuwait,W,0,0,0,0.076923077,0,0,0,0,0,0,0,0,0,0,0,0,0,0,0,1
25-03-2021,Home,Spain,Greece,D,0.076923077,0,0.153846154,0,0,0,0,0.461538462,0,0,0,0,0,0,0,0,0,0,0,1
25-03-2021,Home,United States,Jamaica,W,0.25,0,0,0,0,0,0,0,0,0,0,0,0,0,0,0,0,0,0,4
26-03-2021,Away,Senegal,Congo,D,0,0,0,0.1,0,0,0,0,0,0,0,0,0,0,0,0,0,0,0,0
27-03-2021,Away,Costa Rica,Bosnia and Herzegovina,D,0,0,0,0.111111111,0,0,0,0,0,0,0,0,0,0,0,0,0,0,0,0
27-03-2021,Away,Mexico,Wales,L,0,0,0,0,0,0,0,0,0,0,0,0,0,0,0,0,0,0,0,0
27-03-2021,Home,Netherlands,Latvia,W,0.2,0,1,0.2,0,0,0,0.7,0,0,0,0,0,0,0,0,0,0,0,2
27-03-2021,Home,Wales,Mexico,W,0.066666667,0,0,0,0,0,0,0,0,0,0,0,0,0,0,0,0,0,0,1
28-03-2021,Away,England,Albania,W,0.142857143,0,0.285714286,0.142857143,0,0,0,0.857142857,0,0,0,0,0,0,0,0,0,0,0,2
28-03-2021,Away,France,Kazakhstan,W,0,0.083333333,0.5,0.083333333,0,0,0,0,0,0,0,0,0,0,0,0,0,0,0,2
28-03-2021,Away,Spain,Georgia,W,0.153846154,0,0.153846154,0.076923077,0,0,0,0.692307692,0,0,0,0.076923077,0,0,0,0,0,0,0,2
28-03-2021,Away,United States,Ireland,W,0.083333333,0.083333333,0,0,0,0,0,0,0,0,0,0,0,0,0,0,0,0,0,2
28-03-2021,Home,Denmark,Moldova,W,0.357142857,0.071428571,0.642857143,0,0,0,0,0.642857143,0,0,0,0,0,0,0,0,0,0,0,8
28-03-2021,Home,Poland,Andorra,W,0.071428571,0,0.428571429,0,0,0,0,0.285714286,0,0,0,0.071428571,0,0,0,0,0,0,0,3
28-03-2021,Home,Tunisia,Equatorial Guinea ,W,0.1,0,0,0.2,0,0,0,0,0,0,0,0,0,0,0,0,0,0,0,2
30-03-2021,Away,Netherlands,Gibraltar,W,0.2,0,0.9,0.1,0,0,0,0.5,0,0,0,0,0,0,0,0,0,0,0,7
30-03-2021,Home,Iran,Syria,W,0.142857143,0,0,0,0,0,0,0,0,0,0,0,0,0,0,0,0,0,0,3
30-03-2021,Home,Saudi Arabia,Palestine,W,0.125,0.0625,0,0.0625,0,0,0,0,0,0,0,0,0,0,0,0,0,0,0,5
30-03-2021,Home,Senegal,Eswatini,D,0,0,0,0.111111111,0,0,0,0,0,0,0,0,0,0,0,0,0,0,0,1
30-03-2021,Home,Wales,Czech Republic,W,0.052631579,0,0.157894737,0.105263158,0.052631579,0,0,0.368421053,0,0,0,0,0,0,0,0,0,0,0,1
30-03-2021,Neutral,Costa Rica,Mexico,L,0,0,0,0.1,0,0,0,0,0,0,0,0,0,0,0,0,0,0,0,0
30-03-2021,Neutral,Mexico,Costa Rica,W,0,0,0,0,0,0,0,0,0,0,0,0,0,0,0,0,0,0,0,1
31-03-2021,Away,Denmark,Austria,W,0.25,0,0.3125,0,0,0,0,0.5,0,0,0,0,0,0,0,0,0,0,0,4
31-03-2021,Away,France,Bosnia and Herzegovina,W,0.083333333,0,0.166666667,0.083333333,0,0,0,0.333333333,0,0,0,0,0,0,0,0,0,0,0,1
31-03-2021,Away,Poland,England,L,0.076923077,0,0,0.076923077,0,0,0,0.076923077,0,0,0,0.153846154,0.076923077,0,0,0,0,0,0,1
31-03-2021,Home,England,Poland,W,0.066666667,0.066666667,0.266666667,0,0,0,0,0.6,0,0,0,0,0,0,0,0,0,0,0,2
31-03-2021,Home,Spain,Kosovo,W,0.230769231,0,0.615384615,0,0,0,0,0.615384615,0,0,0,0,0,0,0,0,0,0,0,3
29-05-2021,Home,Mexico,Iceland,W,0.0625,0,0,0,0,0,0,0,0,0,0,0,0,0,0,0,0,0,0,2
30-05-2021,Away,United States,Switzerland,L,0.083333333,0,0,0,0,0,0,0,0,0,0,0,0,0,0,0,0,0,0,1
01-06-2021,Home,Poland,Russia,D,0.083333333,0,0,0,0,0,0,0,0,0,0,0,0,0,0,0,0,0,0,1
02-06-2021,Away,Denmark,Germany,D,0,0,0,0,0,0,0,0,0,0,0,0,0,0,0,0,0,0,0,1
02-06-2021,Away,Wales,France,L,0,0,0,0.051282051,0.051282051,0,0,0,0,0,0,0,0,0,0,0,0,0,0,0
02-06-2021,Home,England,Austria,W,0,0,0,0.076923077,0,0,0,0,0,0,0,0,0,0,0,0,0,0,0,1
02-06-2021,Home,France,Wales,W,0.166666667,0,0,0,0,0,0,0,0,0,0,0,0,0,0,0,0,0,0,3
02-06-2021,Home,Netherlands,Scotland,D,0,0,0,0.083333333,0,0,0,0,0,0,0,0,0,0,0,0,0,0,0,2
03-06-2021,Home,Argentina,Chile,D,0,0.117647059,0.588235294,0.058823529,0,0,0,0.588235294,0,0,0,0,0,0,0,0,0,0,0,1
03-06-2021,Home,Australia,Kuwait,W,0.071428571,0.071428571,0,0,0,0,0,0,0,0,0,0,0,0,0,0,0,0,0,3
03-06-2021,Home,Iran,Hong Kong,W,0.052631579,0,0,0.052631579,0,0,0,0,0,0,0,0,0,0,0,0,0,0,0,3
04-06-2021,Home,Spain,Portugal,D,0,0,0,0,0,0,0,0,0,0,0,0,0,0,0,0,0,0,0,0
05-06-2021,Home,Saudi Arabia,Yemen,W,0.058823529,0,0,0,0,0,0,0,0,0,0,0,0,0,0,0,0,0,0,3
05-06-2021,Home,Senegal,Zambia,W,0.066666667,0,0,0.066666667,0,0,0,0,0,0,0,0,0,0,0,0,0,0,0,3
05-06-2021,Home,Tunisia,Congo,W,0,0,0,0,0,0,0,0,0,0,0,0,0,0,0,0,0,0,0,1
05-06-2021,Home,Wales,Albania,D,0,0,0,0.051282051,0,0,0,0,0,0,0,0,0,0,0,0,0,0,0,0
06-06-2021,Home,Denmark,Bosnia and Herzegovina,W,0.066666667,0,0,0.066666667,0,0,0,0,0,0,0,0,0,0,0,0,0,0,0,2
06-06-2021,Home,England,Romania,W,0,0.153846154,0,0,0,0,0,0,0,0,0,0,0,0,0,0,0,0,0,1
06-06-2021,Home,Netherlands,Georgia,W,0.153846154,0.076923077,0,0,0,0,0,0,0,0,0,0,0,0,0,0,0,0,0,3
07-06-2021,Home,Australia,Chinese Taipei,W,0.142857143,0.071428571,0,0,0,0,0,0,0,0,0,0,0,0,0,0,0,0,0,5
07-06-2021,Home,Iran,Bahrain,W,0.15,0,0,0.05,0,0,0,0,0,0,0,0,0,0,0,0,0,0,0,3
08-06-2021,Away,Argentina,Colombia,D,0.0625,0,0.5,0.25,0,0,0,0.25,0,0,0,0,0,0,0,0,0,0,0,2
08-06-2021,Home,France,Bulgaria,W,0.1,0,0,0,0,0,0,0,0,0,0,0,0,0,0,0,0,0,0,3
08-06-2021,Home,Poland,Iceland,D,0,0,0,0.076923077,0,0,0,0,0,0,0,0,0,0,0,0,0,0,0,2
08-06-2021,Home,Senegal,Cape Verde,W,0,0,0,0,0,0,0,0,0,0,0,0,0,0,0,0,0,0,0,2
08-06-2021,Home,Spain,Lithuania,W,0,0,0,0,0,0,0,0,0,0,0,0,0,0,0,0,0,0,0,4
09-06-2021,Away,Costa Rica,United States,L,0,0,0,0.125,0,0,0,0,0,0,0,0,0,0,0,0,0,0,0,0
09-06-2021,Home,United States,Costa Rica,W,0,0.066666667,0,0,0,0,0,0,0,0,0,0,0,0,0,0,0,0,0,4
11-06-2021,Away,Australia,Nepal,W,0.1875,0,0,0,0,0,0,0,0,0,0,0,0,0,0,0,0,0,0,3
11-06-2021,Away,Iran,Cambodia,W,0.3125,0.1875,0,0,0,0,0,0,0,0,0,0,0,0,0,0,0,0,0,1
11-06-2021,Away,Saudi Arabia,Singapore,W,0.058823529,0,0,0.117647059,0,0,0,0,0,0,0,0,0,0,0,0,0,0,0,3
11-06-2021,Home,Tunisia,Algeria,L,0,0,0,0.214285714,0,0,0,0,0,0,0,0,0,0,0,0,0,0,0,0
12-06-2021,Home,Mexico,Honduras,D,0,0,0,0.076923077,0,0,0,0,0,0,0,0,0,0,0,0,0,0,0,0
12-06-2021,Neutral,Denmark,Finland,L,0,0.0625,0.1875,0,0,41.5625,0.5,0.5,0.375,59.64375,0.1875,0,0,0,0,0,0,0,0,0
12-06-2021,Neutral,Wales,Switzerland,D,0.051282051,0,0.102564103,0.051282051,0,19.25641026,0.333333333,0.435897436,0.512820513,41.77948718,0.102564103,0,0,0,100,2,0,4,4,1
13-06-2021,Neutral,England,Croatia,W,0.055555556,0,0.111111111,0.055555556,0,26.38888889,0.611111111,0.388888889,0.222222222,51.06111111,0.333333333,0,0,0,100,0,0,3,0,1
13-06-2021,Neutral,Netherlands,Ukraine,W,0.071428571,0,0.357142857,0,0,45.92857143,0.642857143,0.357142857,0.642857143,61.57857143,0.785714286,0,0,0,0,0,0,1,0,3
14-06-2021,Neutral,Argentina,Chile,D,0,0,0.352941176,0,0,24.70588235,0.705882353,0.529411765,0.117647059,47.72352941,0.647058824,0,0,0,0,0,0,3,1,1
14-06-2021,Neutral,Poland,Slovakia,L,0,0,0.214285714,0.142857143,0.071428571,38.07142857,0.642857143,0.357142857,0.5,63.28571429,0.214285714,0,0,0,0,0,0,0,0,1
14-06-2021,Neutral,Spain,Sweden,D,0,0,0.133333333,0,0,52.8,0.733333333,0.133333333,0.333333333,58.34666667,0.333333333,0,0,0,0,0,0,0,0,0
15-06-2021,Home,Australia,Jordan,W,0.071428571,0,0,0.214285714,0,0,0,0,0,0,0,0,0,0,0,0,0,0,0,1
15-06-2021,Home,Iran,Iraq,W,0.052631579,0,0,0.263157895,0,0,0,0,0,0,0,0,0,0,0,0,0,0,0,1
15-06-2021,Home,Saudi Arabia,Uzbekistan,W,0.117647059,0,0,0.235294118,0,0,0,0,0,0,0,0,0,0,0,0,0,0,0,3
15-06-2021,Home,Tunisia,Mali,W,0.083333333,0,0,0.083333333,0,0,0,0,0,0,0,0,0,0,0,0,0,0,0,1
15-06-2021,Neutral,France,Germany,W,0,0,0.083333333,0,0,29,0.916666667,0.666666667,0.583333333,46.3,0.416666667,0,0,0,100,2,0,3,9,1
16-06-2021,Neutral,Wales,Turkey,W,0.102564103,0.051282051,0.282051282,0.102564103,0,21.94871795,0.487179487,0.615384615,0.692307692,49.57692308,0.487179487,0,0,0,0,0,0,2,1,2
17-06-2021,Neutral,Denmark,Belgium,L,0.066666667,0,0.266666667,0.2,0,34.73333333,0.733333333,0.6,0.666666667,66.27333333,0.933333333,0,0,0,0,0,3,3,0,1
17-06-2021,Neutral,Netherlands,Austria,W,0,0.076923077,0.153846154,0.076923077,0,33.15384615,0.846153846,0.461538462,0.461538462,59.68461538,0.538461538,0,0,0,0,0,0,1,0,2
18-06-2021,Neutral,Argentina,Uruguay,W,0.117647059,0,0.411764706,0.058823529,0,31.82352941,0.588235294,0.647058824,0.352941176,58.75882353,1.294117647,0,0,0,0,0,0,1,0,1
18-06-2021,Neutral,England,Scotland,D,0,0,0.058823529,0,0,29.70588235,0.647058824,0,0.294117647,53.3,0.647058824,0,0,0,0,0,0,1,1,0
19-06-2021,Neutral,France,Hungary,D,0,0,0.166666667,0.083333333,0,33,0.5,0.166666667,0.583333333,53.2,0.416666667,0,0,0,0,0,0,0,0,1
19-06-2021,Neutral,Poland,Spain,D,0,0,0.153846154,0.153846154,0,20.23076923,1.307692308,1.153846154,0.538461538,50.56923077,0.153846154,0,0,0,100,0,1,1,0,1
19-06-2021,Neutral,Spain,Poland,D,0,0,0.266666667,0.133333333,0,44.53333333,0.333333333,0.266666667,0.533333333,56.33333333,0.133333333,0,0,0,0,0,1,0,4,1
20-06-2021,Neutral,Wales,Italy,L,0,0,0.051282051,0.102564103,0.051282051,17.46153846,0.564102564,0.384615385,0.358974359,46.62820513,0.102564103,0,0,0,0,0,1,0,0,0
21-06-2021,Neutral,Argentina,Paraguay,W,0.055555556,0,0.333333333,0.055555556,0,32.55555556,1.277777778,0.833333333,1.222222222,59.93888889,0.944444444,0,0,0,50,0,1,2,0,1
21-06-2021,Neutral,Denmark,Russia,W,0.133333333,0,0.533333333,0.066666667,0,35.73333333,0.333333333,0.4,0.4,60.67333333,0.8,0,0,0,0,0,0,0,0,4
21-06-2021,Neutral,Netherlands,North Macedonia,W,0.071428571,0,0.285714286,0,0,31.85714286,1.357142857,0.571428571,0.714285714,57.20714286,0.714285714,0,0,0,100,0,0,3,0,3
22-06-2021,Neutral,England,Czech Republic,W,0.055555556,0,0.166666667,0,0,35.44444444,0.333333333,0.777777778,0.388888889,62.42222222,0.5,0,0,0,0,0,0,2,1,1
23-06-2021,Neutral,France,Portugal,D,0,0,0.181818182,0.272727273,0,31,0.818181818,0.454545455,0.181818182,64.13636364,0.090909091,0,0,0,0,0,0,0,0,2
23-06-2021,Neutral,Poland,Sweden,L,0.142857143,0,0.428571429,0.142857143,0,38.35714286,0.571428571,0.571428571,0.642857143,53.30714286,0.357142857,0,0,0,0,1,0,4,3,2
23-06-2021,Neutral,Spain,Slovakia,W,0.133333333,0.066666667,0.4,0.133333333,0,39.4,0.533333333,0.333333333,0.4,65.23333333,0.066666667,0,0,0,0,0,0,0,0,5
26-06-2021,Neutral,Denmark,Wales,W,0.142857143,0,0.428571429,0,0,33.28571429,0.571428571,0.285714286,0.571428571,69.13571429,0.714285714,0,0,0,100,0,1,1,1,4
26-06-2021,Neutral,Wales,Denmark,L,0,0,0.048780488,0.146341463,0.048780488,23.97560976,0.585365854,0.243902439,0.536585366,46.48292683,0.146341463,0,0,0,14.3,0,0,3,2,0
27-06-2021,Neutral,Netherlands,Czech Republic,L,0,0,0,0.153846154,0.076923077,29.69230769,0.769230769,0.461538462,0.307692308,52.45384615,0.615384615,0,0,0,50,0,0,5,0,0
28-06-2021,Neutral,Argentina,Bolivia,W,0.125,0.125,0.6875,0.0625,0,57,0.8125,0.6875,0.4375,72.9125,1.0625,0,0,0,0,0,1,0,0,4
28-06-2021,Neutral,France,Switzerland,D,0.090909091,0,0.454545455,0.272727273,0,39.63636364,1.090909091,0.454545455,0.545454545,64.91818182,0.909090909,0,0,0,0,0,0,1,0,3
28-06-2021,Neutral,Spain,Croatia,W,0.125,0,0.5,0,0,50.75,1.375,0.5,0.6875,70.475,0.4375,0,0,0,0,0,0,0,1,5
29-06-2021,Neutral,England,Germany,W,0.105263158,0,0.210526316,0.157894737,0,29.36842105,0.631578947,0.315789474,0.157894737,50.93684211,0.315789474,0,0,0,0,0,0,1,1,2
30-06-2021,Neutral,Mexico,Panama,W,0.166666667,0,0,0,0,0,0,0,0,0,0,0,0,0,0,0,0,0,0,3
02-07-2021,Away,Spain,Switzerland,D,0,0,0.25,0,0,53.9375,0.6875,0.4375,0.625,66.06875,0.1875,0,0,0,0,0,0,0,1,1
03-07-2021,Away,Denmark,Czech Republic,W,0.133333333,0,0.266666667,0,0,29.06666667,0.8,0.933333333,0.466666667,64.6,0.4,0,0,0,0,1,0,4,8,2
03-07-2021,Away,England,Ukraine,W,0.222222222,0,0.333333333,0,0,37.94444444,0.5,0.444444444,0.833333333,69.42222222,0.444444444,0,0,0,100,0,2,1,0,4
03-07-2021,Home,Mexico,Nigeria,W,0.181818182,0,0,0,0,0,0,0,0,0,0,0,0,0,0,0,0,0,0,4
03-07-2021,Neutral,Argentina,Ecuador,W,0.222222222,0,0.222222222,0.055555556,0,21.16666667,0.5,0.277777778,0.055555556,47.37777778,0.444444444,0,0,0,0,0,0,0,0,3
06-07-2021,Away,Spain,Italy,D,0,0,0.066666667,0.066666667,0,50.6,0.733333333,0.533333333,0.666666667,69.31333333,0.266666667,0,0,0,0,0,0,3,1,1
06-07-2021,Home,Argentina,Colombia,D,0.111111111,0,0.055555556,0.166666667,0,26.44444444,0.888888889,0.5,0.666666667,54.36666667,1.277777778,0,0,0,0,0,0,0,0,1
07-07-2021,Away,Denmark,England,L,0,0,0.2,0.066666667,0,38.66666667,1.733333333,0.933333333,0.4,67.10666667,0.333333333,0,0,0,100,0,0,3,3,1
07-07-2021,Home,England,Denmark,W,0,0.052631579,0.473684211,0.052631579,0,47.15789474,0.578947368,0.684210526,0.473684211,65.75263158,0.789473684,0,0,0,0,0,0,0,0,2
10-07-2021,Home,Mexico,Trin and Tobago,D,0,0,0.181818182,0.090909091,0,0,0,0,0,0,0,0.363636364,0.090909091,0,0,0,0,0,0,0
10-07-2021,Neutral,Argentina,Brazil,W,0.052631579,0,0.105263158,0.210526316,0,24.84210526,1.315789474,0.526315789,0.842105263,53.57894737,0.368421053,0,0,0,60,0,0,5,0,1
11-07-2021,Home,United States,Haiti,W,0,0,0.166666667,0.166666667,0,0,0,0.5,0,0,0,0.666666667,0,0,0,0,0,0,0,1
11-07-2021,Neutral,England,Italy,D,0.055555556,0,0.111111111,0.055555556,0,32.72222222,0.833333333,0.777777778,0.833333333,57.24444444,0.833333333,0,0,0,0,0,0,1,0,1
12-07-2021,Home,Costa Rica,Guadeloupe,W,0.1,0,0.3,0.2,0,0,0,0.6,0,0,0,0,0,0,0,0,0,0,0,3
14-07-2021,Away,Mexico,Guatemala,W,0.1,0,0.4,0,0,0,0,0.4,0,0,0,0.3,0,0,0,0,0,0,0,3
15-07-2021,Away,United States,Martinique,W,0.166666667,0,0.5,0,0,0,0,0.333333333,0,0,0,0.333333333,0,0,0,0,0,0,0,6
16-07-2021,Away,Costa Rica,Suriname,W,0,0,0.3,0.3,0.1,0,0,0.6,0,0,0,0.1,0,0,0,0,0,0,0,2
18-07-2021,Home,Mexico,El Salvador,W,0,0,0.2,0,0,0,0,0.7,0,0,0,0.4,0,0,0,0,0,0,0,1
18-07-2021,Home,United States,Canada,W,0,0,0.166666667,0,0,0,0,0.166666667,0,0,0,0.333333333,0,0,0,0,0,0,0,1
20-07-2021,Home,Costa Rica,Jamaica,W,0,0,0.125,0,0,0,0,0.375,0,0,0,0,0,0,0,0,0,0,0,1
24-07-2021,Home,Mexico,Honduras,W,0,0,0.1,0.1,0,0,0,1,0,0,0,0.4,0,0,0,0,0,0,0,3
25-07-2021,Home,Costa Rica,Canada,L,0,0,0,0,0,0,0,0.666666667,0,0,0,0,0,0,0,0,0,0,0,0
25-07-2021,Home,United States,Jamaica,W,0.2,0,0.2,0,0,0,0,0.8,0,0,0,0.6,0,0,0,0,0,0,0,1
29-07-2021,Away,United States,Qatar,W,0,0,0,0.2,0,0,0,0.2,0,0,0,0.6,0,0,0,0,0,0,0,1
29-07-2021,Home,Mexico,Canada,W,0,0.1,0.1,0.2,0,0,0,0.3,0,0,0,0.3,0,0,0,0,0,0,0,2
01-08-2021,Away,Mexico,United States,L,0,0,0,0.2,0,0,0,0.5,0,0,0,0.2,0,0,0,0,0,0,0,0
01-08-2021,Home,United States,Mexico,W,0.2,0,0,0.2,0,0,0,1.6,0,0,0,0.8,0,0,0,0,0,0,0,1
21-08-2021,Away,Costa Rica,El Salvador,D,0,0,0,0.2,0,0,0,0,0,0,0,0,0,0,0,0,0,0,0,0
01-09-2021,Away,Netherlands,Norway,D,0,0,0.352941176,0.058823529,0,0,0,0.352941176,0,0,0,0,0,0,0,0,0,0,0,1
01-09-2021,Away,Wales,Finland,D,0,0.0625,0,0,0,0,0,0,0,0,0,0,0,0,0,0,0,0,0,0
01-09-2021,Home,Denmark,Scotland,W,0.142857143,0,0.285714286,0,0,0,0,0.357142857,0,0,0,0,0,0,0,0,0,0,0,2
01-09-2021,Home,France,Bosnia and Herzegovina,D,0,0,0.1,0.1,0.1,0,0,0.5,0,0,0,0.2,0,0,0,0,0,0,0,1
01-09-2021,Home,Senegal,Togo,W,0.066666667,0,0,0,0,0,0,0,0,0,0,0,0,0,0,0,0,0,0,2
02-09-2021,Away,Argentina,Venezuela,W,0,0,0.470588235,0,0,0,0,0.588235294,0,0,0,0,0,0,0,0,0,0,0,3
02-09-2021,Away,Costa Rica,Panama,D,0,0,0,0,0,0,0,0,0,0,0,0,0,0,0,0,0,0,0,0
02-09-2021,Away,England,Hungary,W,0.222222222,0,0.444444444,0.111111111,0,0,0,0.333333333,0,0,0,0,0,0,0,0,0,0,0,4
02-09-2021,Away,Spain,Sweden,L,0.071428571,0,0.214285714,0.142857143,0,0,0,0.5,0,0,0,0,0,0,0,0,0,0,0,1
02-09-2021,Away,United States,El Salvador,D,0,0,0,0.142857143,0,0,0,0,0,0,0,0,0,0,0,0,0,0,0,0
02-09-2021,Home,Australia,China,W,0,0,0,0.071428571,0,0,0,0,0,0,0,0,0,0,0,0,0,0,0,3
02-09-2021,Home,Iran,Syria,W,0.066666667,0,0,0.2,0,0,0,0,0,0,0,0,0,0,0,0,0,0,0,1
02-09-2021,Home,Mexico,Jamaica,W,0,0,0,0.153846154,0,0,0,0,0,0,0,0,0,0,0,0,0,0,0,2
02-09-2021,Home,Poland,Albania,W,0.285714286,0,0.214285714,0.142857143,0,0,0,1.285714286,0,0,0,0,0,0,0,0,0,0,0,4
02-09-2021,Home,Saudi Arabia,Vietnam,W,0.058823529,0.117647059,0,0,0,0,0,0,0,0,0,0,0,0,0,0,0,0,0,3
03-09-2021,Home,Tunisia,Equatorial Guinea ,W,0.076923077,0.076923077,0,0.230769231,0,0,0,0,0,0,0,0,0,0,0,0,0,0,0,3
04-09-2021,Away,Denmark,Faroe Islands,W,0.076923077,0,0.153846154,0.076923077,0,0,0,0.307692308,0,0,0,0.076923077,0,0,0,0,0,0,0,1
04-09-2021,Away,France,Ukraine,D,0,0,0.1,0,0,0,0,0.5,0,0,0,0,0,0,0,0,0,0,0,1
04-09-2021,Home,Netherlands,Montenegro,W,0.176470588,0.058823529,0.588235294,0.058823529,0,0,0,0.647058824,0,0,0,0.176470588,0,0,0,0,0,0,0,4
05-09-2021,Away,Argentina,Brazil,00,0,0,0,0,0,0,0,0.052631579,0,0,0,0,0,0,0,0,0,0,0,0
05-09-2021,Away,Mexico,Costa Rica,W,0,0.076923077,0,0.230769231,0,0,0,0,0,0,0,0,0,0,0,0,0,0,0,1
05-09-2021,Away,Poland,San Marino,W,0.214285714,0,0.428571429,0,0,0,0,0.071428571,0,0,0,0,0,0,0,0,0,0,0,7
05-09-2021,Away,Wales,Belarus,W,0.0625,0.125,0.4375,0.0625,0,0,0,0.4375,0,0,0,0.1875,0.0625,0,0,0,0,0,0,3
05-09-2021,Home,Costa Rica,Mexico,L,0,0,0,0.090909091,0,0,0,0,0,0,0,0,0,0,0,0,0,0,0,0
05-09-2021,Home,England,Andorra,W,0.055555556,0.055555556,0.166666667,0,0,0,0,0.111111111,0,0,0,0.055555556,0,0,0,0,0,0,0,4
05-09-2021,Home,Spain,Georgia,W,0.142857143,0,0.5,0,0,0,0,0.571428571,0,0,0,0,0,0,0,0,0,0,0,4
05-09-2021,Home,United States,Canada,D,0.071428571,0,0,0.071428571,0,0,0,0,0,0,0,0,0,0,0,0,0,0,0,1
07-09-2021,Away,Australia,Vietnam,W,0.071428571,0,0,0,0,0,0,0,0,0,0,0,0,0,0,0,0,0,0,1
07-09-2021,Away,Iran,Iraq,W,0.176470588,0,0,0.117647059,0,0,0,0,0,0,0,0,0,0,0,0,0,0,0,3
07-09-2021,Away,Saudi Arabia,Oman,W,0.0625,0,0,0.0625,0,0,0,0,0,0,0,0,0,0,0,0,0,0,0,1
07-09-2021,Away,Senegal,Congo,W,0.071428571,0,0,0.142857143,0,0,0,0,0,0,0,0,0,0,0,0,0,0,0,3
07-09-2021,Away,Tunisia,Zambia,W,0,0.076923077,0,0.153846154,0,0,0,0,0,0,0,0,0,0,0,0,0,0,0,2
07-09-2021,Home,Denmark,Israel,W,0.333333333,0,0.466666667,0.066666667,0,0,0,0.4,0,0,0,0,0,0,0,0,0,0,0,5
07-09-2021,Home,France,Finland,W,0,0,0.333333333,0,0,0,0,0.777777778,0,0,0,0,0,0,0,0,0,0,0,2
07-09-2021,Home,Netherlands,Turkey,W,0.25,0.0625,0.375,0.0625,0,0,0,0.3125,0,0,0,0,0,0,0,0,0,0,0,6
08-09-2021,Away,England,Poland,D,0.055555556,0,0.111111111,0.111111111,0,0,0,0.222222222,0,0,0,0,0,0,0,0,0,0,0,1
08-09-2021,Away,Mexico,Panama,D,0,0,0,0,0,0,0,0,0,0,0,0,0,0,0,0,0,0,0,1
08-09-2021,Away,Spain,Kosovo,W,0.076923077,0,0.230769231,0,0,0,0,0.153846154,0,0,0,0,0,0,0,0,0,0,0,2
08-09-2021,Away,United States,Honduras,W,0.076923077,0,0,0,0,0,0,0,0,0,0,0,0,0,0,0,0,0,0,4
08-09-2021,Home,Costa Rica,Jamaica,D,0,0,0,0.083333333,0,0,0,0,0,0,0,0,0,0,0,0,0,0,0,1
08-09-2021,Home,Poland,England,D,0.071428571,0,0.142857143,0.214285714,0,0,0,0.5,0,0,0,0,0,0,0,0,0,0,0,1
08-09-2021,Home,Wales,Estonia,D,0,0,0.277777778,0.055555556,0,0,0,0.944444444,0,0,0,0.055555556,0.055555556,0,0,0,0,0,0,0
09-09-2021,Home,Argentina,Bolivia,W,0.055555556,0,0.5,0,0,0,0,0.277777778,0,0,0,0,0,0,0,0,0,0,0,3
06-10-2021,Neutral,Spain,Italy,W,0,0,0,0.25,0,0,0,0,0,0,0,0,0,0,0,0,0,0,0,2
07-10-2021,Away,Argentina,Paraguay,D,0,0,0.222222222,0,0,0,0,0.666666667,0,0,0,0,0,0,0,0,0,0,0,0
07-10-2021,Away,Costa Rica,Honduras,D,0,0,0,0.076923077,0,0,0,0,0,0,0,0,0,0,0,0,0,0,0,0
07-10-2021,Away,Iran,UAE,W,0.052631579,0.052631579,0,0,0,0,0,0,0,0,0,0,0,0,0,0,0,0,0,1
07-10-2021,Home,Australia,Oman,W,0.076923077,0,0,0.076923077,0,0,0,0,0,0,0,0,0,0,0,0,0,0,0,3
07-10-2021,Home,Mexico,Canada,D,0.071428571,0,0,0,0,0,0,0,0,0,0,0,0,0,0,0,0,0,0,1
07-10-2021,Home,Saudi Arabia,Japan,W,0,0,0,0,0,0,0,0,0,0,0,0,0,0,0,0,0,0,0,1
07-10-2021,Home,Tunisia,Mauritania,W,0.166666667,0,0,0,0,0,0,0,0,0,0,0,0,0,0,0,0,0,0,3
07-10-2021,Home,United States,Jamaica,W,0.153846154,0,0,0,0,0,0,0,0,0,0,0,0,0,0,0,0,0,0,2
07-10-2021,Neutral,France,Belgium,W,0.076923077,0.076923077,0,0,0,0,0,0,0,0,0,0,0,0,0,0,0,0,0,3
08-10-2021,Away,Netherlands,Latvia,W,0.055555556,0,0.166666667,0,0,0,0,0.055555556,0,0,0,0.055555556,0,0,0,0,0,0,0,1
08-10-2021,Away,Wales,Czech Republic,D,0.102564103,0,0.205128205,0.128205128,0,0,0,0.743589744,0,0,0,0,0,0,0,0,0,0,0,2
09-10-2021,Away,Denmark,Moldova,W,0.071428571,0.071428571,0.285714286,0,0,0,0,0.285714286,0,0,0,0,0,0,0,0,0,0,0,4
09-10-2021,Away,England,Andorra,W,0.071428571,0,0.142857143,0.142857143,0,0,0,0.071428571,0,0,0,0.071428571,0,0,0,0,0,0,0,5
09-10-2021,Home,Poland,San Marino,W,0.066666667,0,0.466666667,0.066666667,0,0,0,0.133333333,0,0,0,0.066666667,0,0,0,0,0,0,0,5
09-10-2021,Home,Senegal,Namibia,W,0.0625,0,0,0.0625,0,0,0,0,0,0,0,0,0,0,0,0,0,0,0,4
10-10-2021,Away,Tunisia,Mauritania,D,0,0,0,0.090909091,0,0,0,0,0,0,0,0,0,0,0,0,0,0,0,0
10-10-2021,Away,United States,Panama,L,0,0,0,0,0,0,0,0,0,0,0,0,0,0,0,0,0,0,0,0
10-10-2021,Home,Argentina,Uruguay,W,0,0,0.5,0,0,0,0,0.222222222,0,0,0,0,0,0,0,0,0,0,0,3
10-10-2021,Home,Costa Rica,El Salvador,W,0.076923077,0.076923077,0,0.076923077,0,0,0,0,0,0,0,0,0,0,0,0,0,0,0,2
10-10-2021,Home,Mexico,Honduras,W,0.083333333,0,0,0.083333333,0,0,0,0,0,0,0,0,0,0,0,0,0,0,0,3
10-10-2021,Neutral,France,Spain,W,0.166666667,0,0,0.166666667,0,0,0,0,0,0,0,0,0,0,0,0,0,0,0,2
10-10-2021,Neutral,Spain,France,L,0.083333333,0,0,0,0,0,0,0,0,0,0,0,0,0,0,0,0,0,0,1
11-10-2021,Away,Wales,Estonia,W,0,0,0.256410256,0.205128205,0,0,0,0.256410256,0,0,0,0.051282051,0,0,0,0,0,0,0,1
11-10-2021,Home,Netherlands,Gibraltar,W,0.3125,0.125,0.5625,0,0,0,0,0.375,0,0,0,0,0.0625,0,0,0,0,0,0,6
12-10-2021,Away,Australia,Japan,L,0,0,0,0.142857143,0,0,0,0,0,0,0,0,0,0,0,0,0,0,0,1
12-10-2021,Away,Poland,Albania,W,0,0,0.125,0.0625,0,0,0,0.375,0,0,0,0,0,0,0,0,0,0,0,1
12-10-2021,Away,Senegal,Namibia,W,0,0,0,0.0625,0,0,0,0,0,0,0,0,0,0,0,0,0,0,0,3
12-10-2021,Home,Denmark,Austria,W,0.071428571,0,0.285714286,0.071428571,0,0,0,0.571428571,0,0,0,0,0,0,0,0,0,0,0,1
12-10-2021,Home,England,Hungary,D,0,0,0.266666667,0.066666667,0,0,0,0.533333333,0,0,0,0,0,0,0,0,0,0,0,1
12-10-2021,Home,Iran,Korea Republic,D,0.052631579,0,0,0.052631579,0,0,0,0,0,0,0,0,0,0,0,0,0,0,0,1
12-10-2021,Home,Saudi Arabia,China,W,0.117647059,0,0,0.058823529,0,0,0,0,0,0,0,0,0,0,0,0,0,0,0,3
13-10-2021,Away,Costa Rica,United States,L,0,0,0,0,0,0,0,0,0,0,0,0,0,0,0,0,0,0,0,1
13-10-2021,Away,Mexico,El Salvador,W,0,0,0,0.272727273,0.090909091,0,0,0,0,0,0,0,0,0,0,0,0,0,0,2
13-10-2021,Home,United States,Costa Rica,W,0.076923077,0,0,0,0,0,0,0,0,0,0,0,0,0,0,0,0,0,0,2
14-10-2021,Home,Argentina,Peru,W,0.055555556,0,0.111111111,0,0,0,0,0.444444444,0,0,0,0,0,0,0,0,0,0,0,1
27-10-2021,Home,Mexico,Ecuador,L,0.142857143,0,0,0.142857143,0,0,0,0,0,0,0,0,0,0,0,0,0,0,0,2
11-11-2021,Away,Iran,Lebanon,W,0,0,0,0.235294118,0,0,0,0,0,0,0,0,0,0,0,0,0,0,0,2
11-11-2021,Away,Saudi Arabia,Australia,D,0,0,0,0.117647059,0,0,0,0,0,0,0,0,0,0,0,0,0,0,0,0
11-11-2021,Away,Senegal,Togo,D,0.0625,0,0,0,0,0,0,0,0,0,0,0,0,0,0,0,0,0,0,1
11-11-2021,Away,Spain,Greece,W,0,0.071428571,0.214285714,0.142857143,0,0,0,0.357142857,0,0,0,0,0,0,0,0,0,0,0,1
11-11-2021,Home,Australia,Saudi Arabia,D,0,0,0,0,0,0,0,0,0,0,0,0,0,0,0,0,0,0,0,0
12-11-2021,Away,Argentina,Uruguay,W,0.052631579,0,0.052631579,0.052631579,0,0,0,0.473684211,0,0,0,0,0,0,0,0,0,0,0,1
12-11-2021,Away,Costa Rica,Canada,L,0,0,0,0.066666667,0,0,0,0,0,0,0,0,0,0,0,0,0,0,0,0
12-11-2021,Away,Mexico,United States,L,0,0,0,0,0,0,0,0,0,0,0,0,0,0,0,0,0,0,0,0
12-11-2021,Away,Poland,Andorra,W,0.2,0,0.466666667,0.133333333,0,0,0,0.333333333,0,0,0,0.066666667,0,0,0,0,0,0,0,4
12-11-2021,Home,Denmark,Faroe Islands,W,0,0,0.272727273,0,0,0,0,0.363636364,0,0,0,0,0,0,0,0,0,0,0,3
12-11-2021,Home,England,Albania,W,0.266666667,0,0.4,0,0,0,0,0.266666667,0,0,0,0,0,0,0,0,0,0,0,5
12-11-2021,Home,United States,Mexico,W,0.076923077,0,0,0.076923077,0,0,0,0,0,0,0,0,0,0,0,0,0,0,0,2
13-11-2021,Away,Netherlands,Montenegro,D,0.066666667,0.066666667,0.2,0.066666667,0,0,0,0.4,0,0,0,0,0,0,0,0,0,0,0,2
13-11-2021,Away,Tunisia,Equatorial Guinea ,L,0,0,0,0.071428571,0,0,0,0,0,0,0,0,0,0,0,0,0,0,0,0
13-11-2021,Home,France,Kazakhstan,W,0.428571429,0.071428571,0.785714286,0,0,0,0,0.214285714,0,0,0,0,0,0,0,0,0,0,0,8
13-11-2021,Home,Wales,Belarus,W,0.195121951,0.024390244,0.292682927,0.048780488,0,0,0,0.804878049,0,0,0,0,0,0,0,0,0,0,0,5
14-11-2021,Home,Senegal,Congo,W,0.0625,0,0,0,0,0,0,0,0,0,0,0,0,0,0,0,0,0,0,2
14-11-2021,Home,Spain,Sweden,W,0,0,0.133333333,0,0,0,0,0.333333333,0,0,0,0,0,0,0,0,0,0,0,1
15-11-2021,Away,Denmark,Scotland,L,0,0,0.111111111,0.111111111,0,0,0,0.555555556,0,0,0,0,0,0,0,0,0,0,0,0
15-11-2021,Away,England,San Marino,W,0.307692308,0.153846154,0.692307692,0,0,0,0,0.384615385,0,0,0,0.153846154,0,0,0,0,0,0,0,1
15-11-2021,Home,Poland,Hungary,L,0,0,0.285714286,0.142857143,0,0,0,0.714285714,0,0,0,0.285714286,0,0,0,0,0,0,0,1
16-11-2021,Away,Australia,China,D,0.071428571,0,0,0.071428571,0,0,0,0,0,0,0,0,0,0,0,0,0,0,0,1
16-11-2021,Away,France,Finland,W,0.071428571,0,0.142857143,0,0,0,0,0.428571429,0,0,0,0.071428571,0,0,0,0,0,0,0,2
16-11-2021,Away,Iran,Syria,W,0.058823529,0.058823529,0,0,0,0,0,0,0,0,0,0,0,0,0,0,0,0,0,3
16-11-2021,Away,Mexico,Canada,L,0,0,0,0.153846154,0,0,0,0,0,0,0,0,0,0,0,0,0,0,0,1
16-11-2021,Away,Saudi Arabia,Vietnam,W,0.058823529,0,0,0.117647059,0,0,0,0,0,0,0,0,0,0,0,0,0,0,0,1
16-11-2021,Away,United States,Jamaica,D,0,0,0,0,0,0,0,0,0,0,0,0,0,0,0,0,0,0,0,1
16-11-2021,Home,Argentina,Brazil,D,0,0,0.263157895,0.210526316,0,0,0,0.631578947,0,0,0,0,0,0,0,0,0,0,0,0
16-11-2021,Home,Costa Rica,Honduras,W,0.058823529,0,0,0.058823529,0,0,0,0,0,0,0,0,0,0,0,0,0,0,0,2
16-11-2021,Home,Netherlands,Norway,W,0,0,0.357142857,0.142857143,0,0,0,0.5,0,0,0,0,0,0,0,0,0,0,0,2
16-11-2021,Home,Tunisia,Zambia,W,0.142857143,0.071428571,0,0.071428571,0,0,0,0,0,0,0,0,0,0,0,0,0,0,0,3
16-11-2021,Home,Wales,Belgium,D,0.054054054,0,0.162162162,0.108108108,0,0,0,0.432432432,0,0,0,0,0,0,0,0,0,0,0,1
08-12-2021,Home,Mexico,Chile,D,0.333333333,0,0,0.333333333,0,0,0,0,0,0,0,0,0,0,0,0,0,0,0,2
18-12-2021,Home,United States,Bosnia and Herzegovina,W,0,0,0,0.333333333,0,0,0,0,0,0,0,0,0,0,0,0,0,0,0,1
10-01-2022,Neutral,Senegal,Zimbabwe,W,0,0,0,0,0,0,0,1,0,0,0,0,0,0,0,0,0,0,0,1
12-01-2022,Neutral,Tunisia,Mali,L,0,0.058823529,0.176470588,0.117647059,0,0,0,0.352941176,0,0,0,0.117647059,0.058823529,0,0,0,0,0,0,0
14-01-2022,Neutral,Senegal,Guinea,D,0,0,0.181818182,0.090909091,0,0,0,0.454545455,0,0,0,0.272727273,0,0,0,0,0,0,0,0
16-01-2022,Neutral,Tunisia,Mauritania,W,0.1875,0.0625,0.5,0.1875,0,0,0,0.4375,0,0,0,0.5,0,0,0,0,0,0,0,4
18-01-2022,Neutral,Senegal,Malawi,D,0,0,0.125,0.0625,0,0,0,0.0625,0,0,0,0,0,0,0,0,0,0,0,0
20-01-2022,Neutral,Tunisia,Gambia,L,0,0.076923077,0.153846154,0.153846154,0,0,0,0.384615385,0,0,0,0.230769231,0,0,0,0,0,0,0,0
23-01-2022,Neutral,Tunisia,Nigeria,W,0,0,0.2,0.066666667,0,0,0,0.666666667,0,0,0,0.333333333,0.066666667,0,0,0,0,0,0,1
25-01-2022,Neutral,Senegal,Cape Verde,W,0,0,0.066666667,0.066666667,0,0,0,0.2,0,0,0,0,0.133333333,0,0,0,0,0,0,2
27-01-2022,Away,Argentina,Chile,W,0,0,0.266666667,0.266666667,0,0,0,1,0,0,0,0,0,0,0,0,0,0,0,2
27-01-2022,Away,Mexico,Jamaica,W,0,0,0,0,0,0,0,0,0,0,0,0,0,0,0,0,0,0,0,2
27-01-2022,Home,Australia,Vietnam,W,0,0,0,0.058823529,0,0,0,0,0,0,0,0,0,0,0,0,0,0,0,4
27-01-2022,Home,Costa Rica,Panama,W,0,0,0,0,0,0,0,0,0,0,0,0,0,0,0,0,0,0,0,1
27-01-2022,Home,Iran,Iraq,W,0,0,0,0.066666667,0,0,0,0,0,0,0,0,0,0,0,0,0,0,0,1
27-01-2022,Home,Saudi Arabia,Oman,W,0,0,0,0.055555556,0,0,0,0,0,0,0,0,0,0,0,0,0,0,0,1
27-01-2022,Home,United States,El Salvador,W,0,0,0,0,0,0,0,0,0,0,0,0,0,0,0,0,0,0,0,1
29-01-2022,Neutral,Tunisia,Burkina Faso,L,0,0,0.111111111,0,0,0,0,0.277777778,0,0,0,0.055555556,0.055555556,0,0,0,0,0,0,0
30-01-2022,Away,Costa Rica,Mexico,D,0,0,0,0.0625,0,0,0,0,0,0,0,0,0,0,0,0,0,0,0,0
30-01-2022,Away,United States,Canada,L,0,0,0,0,0,0,0,0,0,0,0,0,0,0,0,0,0,0,0,0
30-01-2022,Home,Mexico,Costa Rica,D,0,0,0,0.0625,0,0,0,0,0,0,0,0,0,0,0,0,0,0,0,0
30-01-2022,Neutral,Senegal,Equatorial Guinea ,W,0,0,0.294117647,0.058823529,0,0,0,0.176470588,0,0,0,0.117647059,0,0,0,0,0,0,0,3
01-02-2022,Away,Australia,Oman,D,0,0.058823529,0,0.058823529,0,0,0,0,0,0,0,0,0,0,0,0,0,0,0,2
01-02-2022,Away,Saudi Arabia,Japan,L,0,0,0,0.117647059,0,0,0,0,0,0,0,0,0,0,0,0,0,0,0,0
01-02-2022,Home,Argentina,Colombia,W,0,0,0.307692308,0.153846154,0,0,0,0.769230769,0,0,0,0,0,0,0,0,0,0,0,1
01-02-2022,Home,Iran,UAE,W,0,0,0,0.285714286,0.071428571,0,0,0,0,0,0,0,0,0,0,0,0,0,0,1
02-02-2022,Away,Costa Rica,Jamaica,W,0,0.0625,0,0,0,0,0,0,0,0,0,0,0,0,0,0,0,0,0,1
02-02-2022,Home,Mexico,Panama,W,0,0,0,0,0,0,0,0,0,0,0,0,0,0,0,0,0,0,0,1
02-02-2022,Home,United States,Honduras,W,0.125,0,0,0.0625,0,0,0,0,0,0,0,0,0,0,0,0,0,0,0,3
02-02-2022,Neutral,Senegal,Burkina Faso,W,0,0,0.266666667,0.066666667,0,0,0,0.4,0,0,0,0.066666667,0,0,0,0,0,0,0,3
06-02-2022,Neutral,Senegal,Egypt,D,0,0,0.411764706,0.176470588,0,0,0,0.117647059,0,0,0,0.058823529,0,0,0,0,0,0,0,0
24-03-2022,Away,Iran,Korea Republic,L,0,0,0,0.071428571,0,0,0,0,0,0,0,0,0,0,0,0,0,0,0,0
24-03-2022,Away,Saudi Arabia,China,D,0.0625,0,0,0.0625,0,0,0,0,0,0,0,0,0,0,0,0,0,0,0,1
24-03-2022,Away,United States,Mexico,D,0,0,0,0.133333333,0,0,0,0,0,0,0,0,0,0,0,0,0,0,0,0
24-03-2022,Home,Australia,Japan,L,0,0,0,0.066666667,0,0,0,0,0,0,0,0,0,0,0,0,0,0,0,0
24-03-2022,Home,Costa Rica,Canada,W,0.055555556,0,0,0.055555556,0,0,0,0,0,0,0,0,0,0,0,0,0,0,0,1
24-03-2022,Home,Mexico,United States,D,0,0,0,0.125,0,0,0,0,0,0,0,0,0,0,0,0,0,0,0,0
24-03-2022,Home,Wales,Austria,W,0.051282051,0,0.333333333,0.102564103,0,0,0,0.307692308,0,0,0,0,0,0,0,0,0,0,0,2
24-03-2022,Neutral,Poland,Scotland,D,0,0.0625,0,0.0625,0,0,0,0,0,0,0,0,0,0,0,0,0,0,0,1
25-03-2022,Away,Senegal,Egypt,L,0,0,0,0.0625,0,0,0,0,0,0,0,0,0,0,0,0,0,0,0,0
25-03-2022,Away,Tunisia,Mali,W,0,0,0,0.117647059,0,0,0,0,0,0,0,0,0,0,0,0,0,0,0,1
25-03-2022,Home,Argentina,Venezuela,W,0.1875,0,0.4375,0,0,0,0,0.5,0,0,0,0,0,0,0,0,0,0,0,3
25-03-2022,Neutral,France,Ivory Coast,W,0.125,0,0,0,0,0,0,0,0,0,0,0,0,0,0,0,0,0,0,2
26-03-2022,Neutral,Denmark,Netherlands,L,0.142857143,0,0,0,0,0,0,0,0,0,0,0,0,0,0,0,0,0,0,2
26-03-2022,Neutral,England,Switzerland,W,0.066666667,0.066666667,0,0,0,0,0,0,0,0,0,0,0,0,0,0,0,0,0,2
26-03-2022,Neutral,Netherlands,Denmark,W,0.214285714,0.071428571,0,0,0,0,0,0,0,0,0,0,0,0,0,0,0,0,0,4
26-03-2022,Neutral,Spain,Albania,W,0.105263158,0,0,0,0,0,0,0,0,0,0,0,0,0,0,0,0,0,0,2
27-03-2022,Away,Costa Rica,El Salvador,W,0.058823529,0,0,0,0,0,0,0,0,0,0,0,0,0,0,0,0,0,0,2
27-03-2022,Away,Mexico,Honduras,W,0,0,0,0.0625,0,0,0,0,0,0,0,0,0,0,0,0,0,0,0,1
27-03-2022,Home,United States,Panama,W,0.142857143,0.142857143,0,0.142857143,0,0,0,0,0,0,0,0,0,0,0,0,0,0,0,5
29-03-2022,Away,Argentina,Ecuador,D,0,0,0.125,0.125,0,0,0,0.4375,0,0,0,0,0,0,0,0,0,0,0,1
29-03-2022,Away,Australia,Saudi Arabia,L,0,0,0,0,0,0,0,0,0,0,0,0,0,0,0,0,0,0,0,0
29-03-2022,Home,Iran,Lebanon,W,0.133333333,0,0,0.066666667,0,0,0,0,0,0,0,0,0,0,0,0,0,0,0,2
29-03-2022,Home,Poland,Sweden,W,0,0.066666667,0.466666667,0.066666667,0,0,0,0.4,0,0,0,0,0,0,0,0,0,0,0,2
29-03-2022,Home,Saudi Arabia,Australia,W,0,0.066666667,0,0,0,0,0,0,0,0,0,0,0,0,0,0,0,0,0,1
29-03-2022,Home,Senegal,Egypt,W,0,0,0,0.125,0,0,0,0,0,0,0,0,0,0,0,0,0,0,0,1
29-03-2022,Home,Tunisia,Mali,D,0,0,0,0.058823529,0,0,0,0,0,0,0,0,0,0,0,0,0,0,0,0
29-03-2022,Neutral,Denmark,Serbia,W,0.071428571,0,0,0,0,0,0,0,0,0,0,0,0,0,0,0,0,0,0,3
29-03-2022,Neutral,England,Ivory Coast,W,0.2,0,0,0,0,0,0,0,0,0,0,0,0,0,0,0,0,0,0,3
29-03-2022,Neutral,France,South Africa,W,0.1875,0.0625,0,0.0625,0,0,0,0,0,0,0,0,0,0,0,0,0,0,0,5
29-03-2022,Neutral,Netherlands,Germany,D,0.066666667,0,0,0.133333333,0,0,0,0,0,0,0,0,0,0,0,0,0,0,0,1
29-03-2022,Neutral,Spain,Iceland,W,0.055555556,0.055555556,0,0,0,0,0,0,0,0,0,0,0,0,0,0,0,0,0,5
29-03-2022,Neutral,Wales,Czech Republic,D,0.055555556,0,0,0,0,0,0,0,0,0,0,0,0,0,0,0,0,0,0,1
30-03-2022,Away,United States,Costa Rica,L,0,0,0,0,0,0,0,0,0,0,0,0,0,0,0,0,0,0,0,0
30-03-2022,Home,Costa Rica,United States,W,0.117647059,0,0,0.117647059,0,0,0,0,0,0,0,0,0,0,0,0,0,0,0,2
30-03-2022,Home,Mexico,El Salvador,W,0,0,0,0.058823529,0,0,0,0,0,0,0,0,0,0,0,0,0,0,0,2
27-04-2022,Neutral,Mexico,Guatemala,D,0,0,0,0,0,0,0,0,0,0,0,0,0,0,0,0,0,0,0,0
28-05-2022,Neutral,Mexico,Nigeria,W,0,0,0,0,0,0,0,0,0,0,0,0,0,0,0,0,0,0,0,2
01-06-2022,Away,Wales,Poland,L,0,0,0,0.055555556,0,0,0,0,0,0,0,0,0,0,0,0,0,0,0,1
01-06-2022,Home,Poland,Wales,W,0,0,0,0.058823529,0,0,0,0,0,0,0,0,0,0,0,0,0,0,0,2
01-06-2022,Neutral,Australia,Jordan,W,0.055555556,0,0,0.055555556,0,0,0,0,0,0,0,0,0,0,0,0,0,0,0,2
01-06-2022,Neutral,United States,Morocco,W,0.055555556,0.055555556,0,0.055555556,0,0,0,0,0,0,0,0,0,0,0,0,0,0,0,3
02-06-2022,Home,Spain,Portugal,D,0.055555556,0,0,0.166666667,0,0,0,0,0,0,0,0,0,0,0,0,0,0,0,1
02-06-2022,Home,Tunisia,Equatorial Guinea ,W,0.117647059,0,0,0.176470588,0,0,0,0,0,0,0,0,0,0,0,0,0,0,0,4
02-06-2022,Neutral,Mexico,Uruguay,L,0,0,0,0.117647059,0,0,0,0,0,0,0,0,0,0,0,0,0,0,0,0
03-06-2022,Away,Denmark,France,W,0.133333333,0,0,0.066666667,0,0,0,0,0,0,0,0,0,0,0,0,0,0,0,2
03-06-2022,Away,Netherlands,Belgium,W,0.235294118,0,0,0.058823529,0,0,0,0,0,0,0,0,0,0,0,0,0,0,0,4
03-06-2022,Home,France,Denmark,L,0.0625,0,0,0,0,0,0,0,0,0,0,0,0,0,0,0,0,0,0,1
04-06-2022,Away,England,Hungary,L,0,0,0,0.055555556,0,0,0,0,0,0,0,0,0,0,0,0,0,0,0,0
04-06-2022,Home,Senegal,Benin,W,0.055555556,0,0,0,0,0,0,0,0,0,0,0,0,0,0,0,0,0,0,3
05-06-2022,Away,Spain,Czech Republic,D,0.105263158,0,0,0.052631579,0,0,0,0,0,0,0,0,0,0,0,0,0,0,0,2
05-06-2022,Away,Tunisia,Botswana,D,0,0,0,0.0625,0,0,0,0,0,0,0,0,0,0,0,0,0,0,0,0
05-06-2022,Home,Wales,Ukraine,W,0.048780488,0,0,0.097560976,0,0,0,0,0,0,0,0,0,0,0,0,0,0,0,1
05-06-2022,Neutral,Argentina,Estonia,W,0.111111111,0.111111111,0,0,0,0,0,0,0,0,0,0,0,0,0,0,0,0,0,5
05-06-2022,Neutral,Mexico,Ecuador,D,0,0,0,0.176470588,0,0,0,0,0,0,0,0,0,0,0,0,0,0,0,0
05-06-2022,Neutral,Saudi Arabia,Colombia,L,0,0,0,0,0,0,0,0,0,0,0,0,0,0,0,0,0,0,0,0
06-06-2022,Away,Denmark,Austria,W,0.071428571,0,0,0.071428571,0,0,0,0,0,0,0,0,0,0,0,0,0,0,0,2
06-06-2022,Away,France,Croatia,D,0,0,0,0,0,0,0,0,0,0,0,0,0,0,0,0,0,0,0,1
07-06-2022,Away,England,Germany,D,0,0,0,0,0,0,0,0,0,0,0,0,0,0,0,0,0,0,0,1
07-06-2022,Away,Senegal,Rwanda,W,0,0,0,0.055555556,0,0,0,0,0,0,0,0,0,0,0,0,0,0,0,1
07-06-2022,Neutral,Australia,UAE,W,0.047619048,0,0,0.047619048,0,0,0,0,0,0,0,0,0,0,0,0,0,0,0,2
08-06-2022,Away,Netherlands,Wales,W,0.066666667,0,0,0,0,0,0,0,0,0,0,0,0,0,0,0,0,0,0,2
08-06-2022,Away,Poland,Belgium,L,0.052631579,0,0,0.052631579,0,0,0,0,0,0,0,0,0,0,0,0,0,0,0,1
08-06-2022,Home,Wales,Netherlands,L,0.052631579,0,0,0,0,0,0,0,0,0,0,0,0,0,0,0,0,0,0,1
09-06-2022,Away,Spain,Switzerland,W,0.052631579,0,0,0,0,0,0,0,0,0,0,0,0,0,0,0,0,0,0,1
09-06-2022,Neutral,Saudi Arabia,Venezuela,L,0,0,0,0.0625,0,0,0,0,0,0,0,0,0,0,0,0,0,0,0,0
10-06-2022,Away,France,Austria,D,0.0625,0,0,0,0,0,0,0,0,0,0,0,0,0,0,0,0,0,0,1
10-06-2022,Home,Denmark,Croatia,L,0,0,0,0.066666667,0,0,0,0,0,0,0,0,0,0,0,0,0,0,0,0
11-06-2022,Away,Poland,Netherlands,D,0.117647059,0,0,0.294117647,0,0,0,0,0,0,0,0,0,0,0,0,0,0,0,2
11-06-2022,Home,England,Italy,D,0,0,0,0.058823529,0,0,0,0,0,0,0,0,0,0,0,0,0,0,0,0
11-06-2022,Home,Netherlands,Poland,D,0.133333333,0.066666667,0,0.2,0,0,0,0,0,0,0,0,0,0,0,0,0,0,0,2
11-06-2022,Home,Wales,Belgium,D,0.025641026,0,0,0.051282051,0,0,0,0,0,0,0,0,0,0,0,0,0,0,0,1
12-06-2022,Home,Spain,Czech Republic,W,0.052631579,0,0,0.052631579,0,0,0,0,0,0,0,0,0,0,0,0,0,0,0,2
12-06-2022,Neutral,Iran,Algeria,L,0,0,0,0,0,0,0,0,0,0,0,0,0,0,0,0,0,0,0,1
13-06-2022,Home,Denmark,Austria,W,0.071428571,0,0,0,0,0,0,0,0,0,0,0,0,0,0,0,0,0,0,2
13-06-2022,Home,France,Croatia,L,0,0,0,0.2,0,0,0,0,0,0,0,0,0,0,0,0,0,0,0,0
13-06-2022,Neutral,Australia,Peru,D,0,0,0,0.047619048,0,0,0,0,0,0,0,0,0,0,0,0,0,0,0,0
14-06-2022,Away,Wales,Netherlands,L,0.057142857,0.057142857,0,0.171428571,0,0,0,0,0,0,0,0,0,0,0,0,0,0,0,2
14-06-2022,Home,England,Hungary,L,0,0,0,0.166666667,0.055555556,0,0,0,0,0,0,0,0,0,0,0,0,0,0,0
14-06-2022,Home,Netherlands,Wales,W,0.066666667,0,0,0.066666667,0,0,0,0,0,0,0,0,0,0,0,0,0,0,0,3
14-06-2022,Home,Poland,Belgium,L,0,0,0,0.052631579,0,0,0,0,0,0,0,0,0,0,0,0,0,0,0,0
14-06-2022,Neutral,Costa Rica,New Zealand,W,0.05,0,0,0.1,0,0,0,0,0,0,0,0,0,0,0,0,0,0,0,1
31-08-2022,Neutral,Mexico,Paraguay,L,0,0,0,0,0,0,0,0,0,0,0,0,0,0,0,0,0,0,0,0
22-09-2022,Away,Denmark,Croatia,L,0.045454545,0,0.181818182,0.045454545,0,0,0,0.454545455,0,0,0,0,0,0,0,0,0,0,0,1
22-09-2022,Away,Netherlands,Poland,W,0.1,0,0.1,0.2,0,0,0,0.35,0,0,0,0.05,0,0,0,0,0,0,0,2
22-09-2022,Away,Wales,Belgium,L,0.052631579,0,0.210526316,0.157894737,0,0,0,0.473684211,0,0,0,0,0,0,0,0,0,0,0,1
22-09-2022,Home,France,Austria,W,0.047619048,0,0.285714286,0,0,0,0,0.285714286,0,0,0,0.047619048,0,0,0,0,0,0,0,2
22-09-2022,Home,Poland,Netherlands,L,0,0,0.086956522,0.043478261,0,0,0,0.739130435,0,0,0,0.086956522,0,0,0,0,0,0,0,0
22-09-2022,Neutral,Australia,New Zealand,W,0.038461538,0,0,0.038461538,0,0,0,0,0,0,0,0,0,0,0,0,0,0,0,1
22-09-2022,Neutral,Tunisia,Comoros,W,0.041666667,0,0,0.041666667,0,0,0,0,0,0,0,0,0,0,0,0,0,0,0,1
23-09-2022,Away,England,Italy,L,0,0,0.235294118,0.058823529,0,0,0,0.176470588,0,0,0,0,0,0,0,0,0,0,0,0
23-09-2022,Neutral,Argentina,Honduras,W,0.055555556,0.111111111,0,0,0,0,0,0,0,0,0,0,0,0,0,0,0,0,0,3
23-09-2022,Neutral,Costa Rica,Korea Republic,D,0.038461538,0,0,0.076923077,0.038461538,0,0,0,0,0,0,0,0,0,0,0,0,0,0,2
23-09-2022,Neutral,Iran,Uruguay,W,0.05,0,0,0,0,0,0,0,0,0,0,0,0,0,0,0,0,0,0,1
23-09-2022,Neutral,Saudi Arabia,Ecuador,D,0,0,0,0.08,0,0,0,0,0,0,0,0,0,0,0,0,0,0,0,0
23-09-2022,Neutral,United States,Japan,L,0,0,0,0.058823529,0,0,0,0,0,0,0,0,0,0,0,0,0,0,0,0
24-09-2022,Home,Spain,Switzerland,L,0.043478261,0,0.173913043,0,0,0,0,0.391304348,0,0,0,0,0,0,0,0,0,0,0,1
24-09-2022,Neutral,Mexico,Peru,W,0.041666667,0,0,0.041666667,0,0,0,0,0,0,0,0,0,0,0,0,0,0,0,1
24-09-2022,Neutral,Senegal,Bolivia,W,0.045454545,0,0,0,0,0,0,0,0,0,0,0,0,0,0,0,0,0,0,2
25-09-2022,Away,France,Denmark,L,0,0,0.333333333,0,0,0,0,0.476190476,0,0,0,0.142857143,0,0,0,0,0,0,0,0
25-09-2022,Away,Poland,Wales,W,0.045454545,0,0.136363636,0.136363636,0,0,0,0.409090909,0,0,0,0.181818182,0.045454545,0,0,0,0,0,0,1
25-09-2022,Home,Denmark,France,W,0.090909091,0,0.318181818,0.090909091,0,0,0,0.409090909,0,0,0,0.045454545,0,0,0,0,0,0,0,2
25-09-2022,Home,Netherlands,Belgium,W,0.055555556,0,0.277777778,0.111111111,0,0,0,0.388888889,0,0,0,0.166666667,0,0,0,0,0,0,0,1
25-09-2022,Home,Wales,Poland,L,0,0,0.166666667,0.166666667,0,0,0,0.277777778,0,0,0,0.222222222,0,0,0,0,0,0,0,0
25-09-2022,Neutral,Australia,New Zealand,W,0.052631579,0.052631579,0,0.105263158,0,0,0,0,0,0,0,0,0,0,0,0,0,0,0,2
26-09-2022,Home,England,Germany,D,0.058823529,0.058823529,0.470588235,0,0,0,0,0.647058824,0,0,0,0,0,0,0,0,0,0,0,3
27-09-2022,Away,Spain,Portugal,W,0.043478261,0,0.217391304,0.086956522,0,0,0,0.391304348,0,0,0,0.043478261,0,0,0,0,0,0,0,1
27-09-2022,Neutral,Argentina,Jamaica,W,0,0,0,0,0,0,0,0,0,0,0,0,0,0,0,0,0,0,0,3
27-09-2022,Neutral,Costa Rica,Uzbekistan,W,0.04,0,0,0.12,0,0,0,0,0,0,0,0,0,0,0,0,0,0,0,2
27-09-2022,Neutral,Iran,Senegal,D,0.047619048,0,0,0.047619048,0,0,0,0,0,0,0,0,0,0,0,0,0,0,0,1
27-09-2022,Neutral,Mexico,Colombia,L,0.041666667,0.041666667,0,0.041666667,0,0,0,0,0,0,0,0,0,0,0,0,0,0,0,2
27-09-2022,Neutral,Saudi Arabia,United States,D,0,0,0,0.045454545,0,0,0,0,0,0,0,0,0,0,0,0,0,0,0,0
27-09-2022,Neutral,Senegal,Iran,D,0,0,0,0.045454545,0,0,0,0,0,0,0,0,0,0,0,0,0,0,0,1
27-09-2022,Neutral,Tunisia,Brazil,L,0.038461538,0,0,0.076923077,0.038461538,0,0,0,0,0,0,0,0,0,0,0,0,0,0,1
27-09-2022,Neutral,United States,Saudi Arabia,D,0,0,0,0.055555556,0,0,0,0,0,0,0,0,0,0,0,0,0,0,0,0
06-11-2022,Neutral,Saudi Arabia,Iceland,W,0,0,0,0.05,0,0,0,0,0,0,0,0,0,0,0,0,0,0,0,1
09-11-2022,Neutral,Costa Rica,Nigeria,W,0.111111111,0,0,0.055555556,0,0,0,0,0,0,0,0,0,0,0,0,0,0,0,2
09-11-2022,Neutral,Mexico,Iraq,W,0.142857143,0.071428571,0,0,0,0,0,0,0,0,0,0,0,0,0,0,0,0,0,4
10-11-2022,Neutral,Iran,Nicaragua,W,0,0,0,0,0,0,0,0,0,0,0,0,0,0,0,0,0,0,0,1
10-11-2022,Neutral,Saudi Arabia,Panama,D,0,0,0,0.045454545,0,0,0,0,0,0,0,0,0,0,0,0,0,0,0,1
16-11-2022,Neutral,Argentina,UAE,W,0.25,0,0,0.05,0,0,0,0,0,0,0,0,0,0,0,0,0,0,0,5
16-11-2022,Neutral,Mexico,Sweden,L,0,0,0,0.047619048,0,0,0,0,0,0,0,0,0,0,0,0,0,0,0,1
16-11-2022,Neutral,Poland,Chile,W,0,0,0,0.095238095,0,0,0,0,0,0,0,0,0,0,0,0,0,0,0,1
16-11-2022,Neutral,Saudi Arabia,Croatia,L,0,0,0,0,0,0,0,0,0,0,0,0,0,0,0,0,0,0,0,0
21-11-2022,Neutral,England,Iran,W,0.24,0,0.28,0,0,36.96,0.52,0.28,0.44,54.924,0.52,0,0,0,100,0,2,6,1,6
21-11-2022,Neutral,Iran,England,L,0.04,0.04,0.08,0.08,0,13.64,0.48,0.64,0.4,43.848,0.04,0,0,0,100,0,0,2,2,2
21-11-2022,Neutral,Netherlands,Senegal,W,0.041666667,0,0.125,0.041666667,0,23.83333333,0.416666667,0.25,0.375,43.57916667,0.166666667,0,0,0,0,0,0,0,0,2
21-11-2022,Neutral,Senegal,Netherlands,L,0,0,0.16,0.08,0,21.24,0.56,0.4,0.2,43.208,0.16,0,0,0,0,0,0,0,0,0
21-11-2022,Neutral,United States,Wales,D,0.038461538,0,0.038461538,0.153846154,0,27.84615385,0.538461538,0.230769231,0.461538462,49.61153846,0.115384615,0,0,0,0,0,0,0,0,1
21-11-2022,Neutral,Wales,United States,D,0,0.039215686,0.078431373,0.078431373,0,21.41176471,0.68627451,0.31372549,0.411764706,40.85294118,0.078431373,0,0,0,0,0,0,1,0,1
22-11-2022,Neutral,Argentina,Saudi Arabia,L,0,0.083333333,0.291666667,0,0,32.95833333,0.708333333,0.333333333,0.5,48.69583333,0.333333333,0,0,0,100,0,2,3,0,1
22-11-2022,Neutral,Australia,France,L,0.04,0,0.04,0.12,0,22.52,0.52,0.36,0.4,50.68,0.12,0,0,0,0,0,0,0,0,1
22-11-2022,Neutral,Denmark,Tunisia,D,0,0,0.15,0.05,0,33.6,0.45,0.5,0.65,51.815,0,0,0,0,0,0,0,1,1,0
22-11-2022,Neutral,France,Australia,W,0.166666667,0,0.25,0,0,36.25,0.833333333,0.5,0.291666667,53.31666667,0.333333333,0,0,0,0,0,0,0,0,4
22-11-2022,Neutral,Mexico,Poland,D,0,0,0.19047619,0.095238095,0,27.42857143,0.619047619,0.238095238,0.571428571,39.97619048,0.380952381,0,0,0,0,0,5,0,1,0
22-11-2022,Neutral,Poland,Mexico,D,0,0.047619048,0.047619048,0.047619048,0,19,0.761904762,0.333333333,0.333333333,39.02857143,0.238095238,0,0,0,0,0,0,0,1,0
22-11-2022,Neutral,Saudi Arabia,Argentina,W,0.090909091,0,0.090909091,0.272727273,0,19.59090909,0.909090909,0.681818182,0.636363636,39.59545455,0.136363636,0,0,0,0,0,0,0,1,2
22-11-2022,Neutral,Tunisia,Denmark,D,0,0,0.05,0.05,0,20.75,1.05,0.25,0.35,42.34,0.3,0,0,0,0,0,1,2,1,0
23-11-2022,Neutral,Costa Rica,Spain,L,0,0,0,0.086956522,0,13.43478261,0.869565217,0.608695652,0.52173913,43.16086957,0.086956522,0,0,0,0,0,1,2,4,0
23-11-2022,Neutral,Spain,Costa Rica,W,0.090909091,0.045454545,0.227272727,0,0,41.18181818,0.409090909,0.181818182,0.181818182,51.98181818,0.181818182,0,0,0,0,0,0,0,0,7
26-11-2022,Neutral,Australia,Tunisia,W,0,0,0,0,0,32,1.5,1,2,34,0,0,0,0,0,0,0,0,0,1
